tweet_id,name,dog_stage,breed,rating
892420643555336193,Phineas,,,1.3
892177421306343426,Tilly,,chihuahua,1.3
891815181378084864,Archie,,chihuahua,1.2
891689557279858688,Darla,,labrador_retriever,1.3
891327558926688256,Franklin,,basset,1.2
891087950875897856,,,chesapeake_bay_retriever,1.3
890971913173991426,Jax,,appenzeller,1.3
890729181411237888,,,pomeranian,1.3
890609185150312448,Zoey,,irish_terrier,1.3
890240255349198849,Cassie,doggo,pembroke,1.4
890006608113172480,Koda,,samoyed,1.3
889880896479866881,Bruno,,french_bulldog,1.3
889665388333682689,,puppo,pembroke,1.3
889638837579907072,Ted,,french_bulldog,1.2
889531135344209921,Stuart,puppo,golden_retriever,1.3
889278841981685760,Oliver,,whippet,1.3
888917238123831296,Jim,,golden_retriever,1.2
888804989199671297,Zeke,,golden_retriever,1.3
888554962724278272,Ralphus,,siberian_husky,1.3
888078434458587136,Gerald,,french_bulldog,1.2
887705289381826560,Jeffrey,,basset,1.3
887517139158093824,,,,1.4
887473957103951883,Canela,,pembroke,1.3
887343217045368832,,,mexican_hairless,1.3
887101392804085760,,,samoyed,1.2
886983233522544640,Maya,,chihuahua,1.3
886736880519319552,Mingus,,kuvasz,1.3
886680336477933568,Derek,,,1.3
886366144734445568,Roscoe,pupper,french_bulldog,1.2
886258384151887873,Waffles,,pug,1.3
885984800019947520,Jimbo,,blenheim_spaniel,1.2
885528943205470208,Maisey,,pug,1.3
885167619883638784,,,malamute,1.3
884925521741709313,Earl,,italian_greyhound,1.2
884876753390489601,Lola,,chow,1.3
884562892145688576,Kevin,,pug,1.3
884441805382717440,,,pembroke,1.4
884162670584377345,Yogi,doggo,german_shepherd,1.2
883838122936631299,Noah,,doberman,1.2
883482846933004288,Bella,,golden_retriever,1.35
883360690899218434,Grizzwald,floofer,chow,1.3
883117836046086144,,,golden_retriever,1.3
882992080364220416,Rusty,,eskimo_dog,1.3
882762694511734784,Gus,pupper,labrador_retriever,1.2
882627270321602560,Stanley,,pembroke,1.3
882268110199369728,Alfy,,golden_retriever,1.3
882045870035918850,Koko,,golden_retriever,1.3
881906580714921986,Rey,,weimaraner,1.2
881666595344535552,Gary,,saluki,1.3
881536004380872706,,pupper,samoyed,1.4
881268444196462592,Elliot,,,1.2
880935762899988482,Louis,,,1.3
880872448815771648,,,pembroke,1.2
880465832366813184,Bella,,golden_retriever,1.2
880221127280381952,Jesse,,chihuahua,1.2
880095782870896641,,,miniature_pinscher,1.1
879862464715927552,Romeo,,basset,1.3
879492040517615616,Bailey,,german_short-haired_pointer,1.2
879415818425184262,Duddles,,english_springer,1.3
879376492567855104,Jack,,labrador_retriever,1.2
879050749262655488,Steven,,,1.1
879008229531029506,Beau,,vizsla,1.3
878776093423087618,Snoopy,puppo,italian_greyhound,1.3
878281511006478336,Shadow,,basset,1.3
878057613040115712,Emmy,,french_bulldog,1.4
877736472329191424,Aja,,chesapeake_bay_retriever,1.3
877556246731214848,Penny,,basset,1.2
877316821321428993,Dante,,saluki,1.3
877201837425926144,Nelly,,pembroke,1.2
876838120628539392,Ginger,pupper,bloodhound,1.2
876484053909872640,Benedict,,golden_retriever,1.3
876120275196170240,Venti,,bernese_mountain_dog,1.3
875747767867523072,Goose,,labrador_retriever,1.3
875144289856114688,Nugget,,siberian_husky,1.3
875021211251597312,,,west_highland_white_terrier,1.2
874680097055178752,Cash,,labrador_retriever,1.2
874296783580663808,Jed,pupper,cocker_spaniel,1.3
874057562936811520,,,flat-coated_retriever,1.2
874012996292530176,Sebastian,puppo,cardigan,1.3
873580283840344065,,,newfoundland,1.3
873213775632977920,Sierra,pupper,vizsla,1.2
872967104147763200,,doggo,labrador_retriever,1.2
872820683541237760,,,pug,1.3
872620804844003328,Monkey,,cocker_spaniel,1.3
872486979161796608,,,pembroke,1.2
872122724285648897,Kody,,pug,1.2
871879754684805121,Lassie,,shetland_sheepdog,1.3
871762521631449091,Rover,pupper,labrador_retriever,1.2
871515927908634625,Napolean,doggo,komondor,1.2
871032628920680449,Boomer,,kelpie,1.3
870804317367881728,,,,1.1
870656317836468226,Cody,,pembroke,1.3
870374049280663552,Zoey,,golden_retriever,1.3
870308999962521604,Rumble,,greater_swiss_mountain_dog,1.3
870063196459192321,Clifford,,,1.4
869772420881756160,Dewey,,pembroke,1.3
869702957897576449,Stanley,,pembroke,1.3
869596645499047938,Scout,doggo,chihuahua,1.2
869227993411051520,Gizmo,,pembroke,1.3
868880397819494401,Walter,,french_bulldog,1.4
868622495443632128,,,labrador_retriever,1.3
868552278524837888,Cooper,,whippet,1.2
867900495410671616,,,labrador_retriever,1.2
867774946302451713,Harold,,border_collie,1.3
867421006826221569,Shikha,puppo,eskimo_dog,1.2
867051520902168576,,,samoyed,1.3
866686824827068416,Lili,,flat-coated_retriever,1.2
866450705531457537,Jamesy,pupper,french_bulldog,1.3
866334964761202691,Coco,,samoyed,1.2
865718153858494464,Boomer,,golden_retriever,1.3
865359393868664832,Sammy,,chesapeake_bay_retriever,1.3
865006731092295680,Nelly,,pembroke,1.3
864873206498414592,,,,1.4
864279568663928832,Meatball,,bull_mastiff,1.2
864197398364647424,Paisley,,golden_retriever,1.3
863907417377173506,Albus,,,1.3
863553081350529029,Neptune,,eskimo_dog,1.3
863432100342583297,Belle,,staffordshire_bullterrier,1.2
863079547188785154,,,lakeland_terrier,1.4
863062471531167744,Quinn,,french_bulldog,1.3
862831371563274240,Zooey,,australian_terrier,1.3
862722525377298433,Dave,,basset,1.1
862457590147678208,Jersey,,,1.3
862096992088072192,,,chow,1.3
861383897657036800,Hobbes,,cardigan,1.3
861288531465048066,,,bouvier_des_flandres,1.3
861005113778896900,Burt,,german_shepherd,1.2
860563773140209665,Lorenzo,,cardigan,1.3
860524505164394496,Carl,,bedlington_terrier,1.3
860276583193509888,Jordy,,,1.2
860184849394610176,,,,1.4
859924526012018688,Milky,,french_bulldog,1.2
859851578198683649,Trooper,,labrador_retriever,1.3
859607811541651456,,puppo,golden_retriever,1.3
859196978902773760,,,malamute,1.2
859074603037188101,,,,1.3
858843525470990336,,doggo,golden_retriever,1.3
858471635011153920,Sophie,,pembroke,1.3
858107933456039936,Wyatt,,golden_retriever,1.2
857989990357356544,Rosie,,french_bulldog,1.2
857746408056729600,Thor,,labrador_retriever,1.3
857393404942143489,,,malamute,1.3
857263160327368704,Oscar,,samoyed,1.3
857029823797047296,Zeke,,golden_retriever,1.2
856543823941562368,Callie,,boston_bull,1.2
856526610513747968,,,old_english_sheepdog,1.4
856282028240666624,Cermet,,chihuahua,1.4
855851453814013952,,puppo,flat-coated_retriever,1.3
855459453768019968,,,blenheim_spaniel,1.2
854732716440526848,Marlee,,pembroke,1.2
854482394044301312,Arya,,chihuahua,1.3
854365224396361728,Einstein,,pembroke,1.3
854120357044912130,,pupper,black-and-tan_coonhound,1.4
854010172552949760,,floofer,english_springer,1.1
853760880890318849,Alice,,miniature_pinscher,1.2
853639147608842240,,,german_shepherd,1.3
853299958564483072,Rumpole,,,1.3
852912242202992640,Benny,,great_dane,1.2
852672615818899456,Aspen,,golden_retriever,1.2
852553447878664193,Jarod,,bloodhound,1.3
852311364735569921,Wiggles,,,1.3
852226086759018497,General,,,1.4
852189679701164033,Sailor,,bernese_mountain_dog,1.2
851591660324737024,,,cardigan,1.1
851464819735769094,Iggy,,,1.4
851224888060895234,Snoop,,standard_poodle,1.3
850753642995093505,Kyle,,pug,1.1
850380195714523136,Leo,,yorkshire_terrier,1.3
850145622816686080,Riley,,kelpie,1.1
850019790995546112,Boomer,pupper,shetland_sheepdog,1.2
849776966551130114,,,chihuahua,1.2
849412302885593088,Noosh,,schipperke,1.2
849336543269576704,,,,1.1
849051919805034497,Kevin,,,1.3
848690551926992896,,,flat-coated_retriever,1.2
848324959059550208,Odin,,malamute,1.2
848212111729840128,Jerry,,bedlington_terrier,0.6
847962785489326080,Georgie,,,1.0
847842811428974592,Rontu,,bernese_mountain_dog,1.2
847606175596138505,Cannon,,cardigan,1.2
847251039262605312,Furzey,,airedale,1.2
847157206088847362,Daisy,,staffordshire_bullterrier,1.1
847116187444137987,,,american_staffordshire_terrier,1.1
846874817362120707,Tuck,,shetland_sheepdog,1.3
846514051647705089,Barney,doggo,golden_retriever,1.3
846153765933735936,Vixen,,giant_schnauzer,1.3
846042936437604353,Jarvis,,golden_retriever,1.2
845812042753855489,,,samoyed,1.3
845677943972139009,,,chow,1.2
845397057150107648,Mimosa,doggo,dandie_dinmont,1.3
845306882940190720,Pickles,pupper,irish_water_spaniel,1.2
844979544864018432,,,shetland_sheepdog,1.3
844973813909606400,Brady,,labrador_retriever,1.2
844580511645339650,Charlie,,,1.1
844223788422217728,Margo,,labrador_retriever,1.2
843856843873095681,Sadie,,labrador_retriever,1.2
843604394117681152,Hank,,labrador_retriever,1.1
843235543001513987,Tycho,,pembroke,1.3
842846295480000512,Charlie,,labrador_retriever,1.3
842765311967449089,Indie,,labrador_retriever,1.2
842535590457499648,Winnie,,pembroke,1.3
842163532590374912,George,,french_bulldog,1.2
842115215311396866,Bentley,,chow,1.2
841680585030541313,Penny,,chihuahua,1.2
841439858740625411,,,labrador_retriever,1.4
841314665196081154,Max,,afghan_hound,1.3
841077006473256960,Dawn,,brittany_spaniel,1.2
840696689258311684,,,,1.0
840632337062862849,Maddie,,golden_retriever,1.2
840370681858686976,,,,1.3
840268004936019968,Monty,,chesapeake_bay_retriever,1.2
839990271299457024,Sojourner,,staffordshire_bullterrier,1.3
839549326359670784,Winston,,norwich_terrier,1.2
839239871831150596,Odie,,leonberg,1.3
838921590096166913,Arlo,,border_terrier,1.3
838561493054533637,Walter,,kelpie,1.3
838476387338051585,Stanley,,great_pyrenees,1.3
838083903487373313,Daisy,,chow,1.3
837820167694528512,,pupper,golden_retriever,1.2
837482249356513284,Waffles,,,1.3
837471256429613056,Vincent,,norwegian_elkhound,1.2
837110210464448512,Clark,pupper,siberian_husky,1.3
836989968035819520,Mookie,,toy_poodle,1.2
836753516572119041,Meera,doggo,schipperke,1.2
836677758902222849,Oliver,,,1.1
836380477523124226,Ava,pupper,,1.2
836260088725786625,Lucy,,borzoi,1.3
836001077879255040,,,samoyed,1.3
835574547218894849,Eli,,staffordshire_bullterrier,1.1
835297930240217089,Ash,,rottweiler,1.2
835264098648616962,Lola,,chesapeake_bay_retriever,1.2
835172783151792128,,,border_collie,1.2
834931633769889797,Tucker,,soft-coated_wheaten_terrier,1.2
834786237630337024,Tobi,,border_terrier,1.3
834574053763584002,,doggo,golden_retriever,1.3
834458053273591808,Chester,,rhodesian_ridgeback,1.2
834209720923721728,Wilson,,golden_retriever,1.2
834167344700198914,Sunshine,,,1.1
834086379323871233,Lipton,,labrador_retriever,1.2
833863086058651648,Bentley,,kuvasz,1.2
833826103416520705,Charlie,,chihuahua,1.3
833722901757046785,Bronte,,west_highland_white_terrier,1.3
833479644947025920,Poppy,,golden_retriever,1.3
833124694597443584,Gidget,pupper,cardigan,1.2
832998151111966721,Rhino,doggo,boxer,1.3
832757312314028032,Willow,,cardigan,1.3
832636094638288896,Orion,,eskimo_dog,1.2
832397543355072512,Eevee,,pekinese,1.2
832369877331693569,Charlie,,kelpie,1.1
832273440279240704,Smiley,doggo,pembroke,1.4
832032802820481025,Miguel,doggo,whippet,1.2
831939777352105988,Emanuel,doggo,pomeranian,1.2
831911600680497154,Kuyu,,bloodhound,1.4
831670449226514432,Daisy,,pembroke,1.3
831650051525054464,,,eskimo_dog,1.3
831552930092285952,Dutch,,chihuahua,1.3
831322785565769729,Pete,doggo,old_english_sheepdog,1.2
831315979191906304,,pupper,briard,1.3
831309418084069378,Scooter,,doberman,1.2
831262627380748289,Tucker,,cocker_spaniel,1.2
830956169170665475,Reggie,,kuvasz,1.2
830583320585068544,Lilly,,labrador_retriever,1.3
830097400375152640,Samson,,toy_poodle,1.3
829861396166877184,Mia,,border_terrier,1.2
829501995190984704,Leo,,french_bulldog,1.2
829449946868879360,,doggo,labrador_retriever,1.1
829141528400556032,Malcolm,,golden_retriever,1.2
829011960981237760,Dexter,,boxer,1.3
828770345708580865,Alfie,,chesapeake_bay_retriever,1.3
828708714936930305,Fiona,,mexican_hairless,1.0
828650029636317184,,,golden_retriever,1.4
828409743546925057,Mutt,,toy_poodle,1.2
828408677031882754,Bear,,weimaraner,1.2
828381636999917570,Doobert,doggo,bedlington_terrier,1.4
828376505180889089,Beebop,,american_staffordshire_terrier,1.3
828372645993398273,Alexander,,malamute,1.2
828046555563323392,Sailer,,,1.3
828011680017821696,Brutus,,american_staffordshire_terrier,1.1
827933404142436356,Kona,pupper,german_shepherd,1.2
827653905312006145,Boots,,collie,1.2
827600520311402496,Tucker,,pembroke,1.3
827324948884643840,Ralphie,,golden_retriever,1.2
827199976799354881,Charlie,,great_dane,1.3
826958653328592898,Loki,doggo,golden_retriever,1.2
826848821049180160,Cupid,doggo,great_pyrenees,1.3
826598365270007810,Pawnd,,french_bulldog,1.3
826476773533745153,Pilot,doggo,german_shepherd,1.2
826240494070030336,,,french_bulldog,1.1
826204788643753985,,doggo,labrador_retriever,1.3
826115272272650244,Ike,,golden_retriever,1.3
825876512159186944,Mo,,,1.1
825829644528148480,Toby,,great_pyrenees,1.2
825535076884762624,,puppo,rottweiler,1.4
825147591692263424,Sweet,,pekinese,1.3
825026590719483904,Pablo,puppo,eskimo_dog,1.2
824775126675836928,Scooter,,border_terrier,1.2
824663926340194305,Wilson,,english_setter,1.3
824325613288833024,,pupper,pembroke,1.3
824297048279236611,Nala,,,1.1
823939628516474880,Cash,,schipperke,1.2
823699002998870016,Winston,,cairn,1.2
823581115634085888,Crawford,,german_shepherd,1.1
823322678127919110,Wyatt,,chihuahua,1.1
822975315408461824,Albus,,pembroke,1.2
822872901745569793,,puppo,lakeland_terrier,1.3
822859134160621569,Hobbes,,malinois,1.2
822610361945911296,,,cocker_spaniel,1.2
822489057087389700,Paisley,,samoyed,1.3
822462944365645825,Gabe,pupper,pomeranian,1.4
822244816520155136,,,samoyed,1.1
821886076407029760,Jimison,,golden_retriever,1.3
821765923262631936,Duchess,doggo,golden_retriever,1.3
821522889702862852,Harlso,,doberman,1.3
821407182352777218,Sundance,doggo,irish_setter,1.4
821149554670182400,Luca,,german_shepherd,1.2
821107785811234820,,doggo,pomeranian,1.1
821044531881721856,Flash,,old_english_sheepdog,1.2
820749716845686786,Sunny,,golden_retriever,1.3
820690176645140481,,,west_highland_white_terrier,1.2
820314633777061888,,,gordon_setter,1.4
820078625395449857,,,,1.2
819952236453363712,Oliver,puppo,american_staffordshire_terrier,1.3
819924195358416896,,doggo,,1.1
819711362133872643,Howie,,toy_poodle,1.1
819588359383371776,Jazzy,,cardigan,1.3
819347104292290561,Anna,,rottweiler,1.2
819227688460238848,Finn,,border_terrier,1.2
819006400881917954,Sunny,doggo,,1.4
819004803107983360,Bo,doggo,standard_poodle,1.4
818627210458333184,Wafer,,labrador_retriever,1.3
818614493328580609,Bear,,chihuahua,1.2
818536468981415936,Tom,,welsh_springer_spaniel,1.1
818259473185828864,Florence,,miniature_schnauzer,1.2
818145370475810820,Autumn,,golden_retriever,1.1
817827839487737858,Buddy,,cocker_spaniel,1.3
817777686764523521,Dido,pupper,curly-coated_retriever,1.3
817536400337801217,Eugene,,pug,1.2
817423860136083457,Ken,,samoyed,1.3
817415592588222464,Strudel,,doberman,1.1
817171292965273600,Tebow,,golden_retriever,1.3
817120970343411712,,,saluki,1.3
817056546584727552,Chloe,,kelpie,1.1
816816676327063552,Timber,,malamute,1.2
816697700272001025,Binky,,chihuahua,1.2
816450570814898180,Moose,,,1.3
816336735214911488,Dudley,,labrador_retriever,1.1
816091915477250048,Comet,,pomeranian,1.2
815990720817401858,Jack,,chihuahua,1.1
815966073409433600,,pupper,tibetan_mastiff,1.3
815736392542261248,Akumi,,border_collie,1.1
815639385530101762,Titan,,german_shepherd,1.2
815390420867969024,,,,1.3
814986499976527872,Cooper,pupper,dalmatian,1.1
814638523311648768,Olivia,,golden_retriever,1.2
814530161257443328,Alf,,miniature_poodle,1.2
814153002265309185,Oshie,,golden_retriever,1.2
813910438903693312,Chubbs,doggo,siberian_husky,1.1
813812741911748608,Gary,,french_bulldog,1.4
813800681631023104,Sky,,malamute,1.2
813217897535406080,,,samoyed,1.3
813202720496779264,,doggo,cocker_spaniel,1.1
813187593374461952,,,golden_retriever,1.3
813172488309972993,Eleanor,,golden_retriever,1.2
813157409116065792,Layla,,pembroke,1.2
813142292504645637,,,beagle,1.3
813127251579564032,,doggo,norwegian_elkhound,1.1
813112105746448384,Toby,,pembroke,1.2
813096984823349248,Rocky,doggo,great_dane,1.1
813081950185472002,Baron,,doberman,1.1
813066809284972545,Tyr,,toy_terrier,1.2
813051746834595840,Bauer,,golden_retriever,1.3
812781120811126785,Swagger,,bull_mastiff,1.0
812709060537683968,Brandi,,irish_setter,1.2
812503143955202048,,,,1.3
812466873996607488,Mary,,great_dane,1.2
812372279581671427,Moe,,golden_retriever,1.3
811985624773361665,Ted,,staffordshire_bullterrier,1.1
811744202451197953,Halo,,pekinese,1.3
811627233043480576,Augie,,beagle,1.0
811386762094317568,Craig,pupper,pembroke,1.1
810984652412424192,Sam,,golden_retriever,3.4285714285714284
810896069567610880,Hunter,,flat-coated_retriever,1.1
810657578271330305,Pavlov,,malamute,1.1
810284430598270976,Phil,,malamute,1.3
810254108431155201,Gus,,staffordshire_bullterrier,1.2
809920764300447744,,,norwich_terrier,1.0
809448704142938112,,,greater_swiss_mountain_dog,1.2
809220051211603969,Kyro,,pomeranian,1.2
809084759137812480,Wallace,,vizsla,1.1
808838249661788160,Ito,,rottweiler,1.3
808733504066486276,,pupper,toy_poodle,1.2
808501579447930884,Koda,,airedale,1.2
808106460588765185,Burke,,golden_retriever,1.2
808001312164028416,Cooper,,labrador_retriever,1.2
807621403335917568,Ollie,pupper,golden_retriever,1.4
807106840509214720,Stephan,,chihuahua,1.3
807010152071229440,Lennon,,golden_retriever,1.2
806629075125202948,,,cocker_spaniel,1.3
806542213899489280,Waffles,,vizsla,1.1
806219024703037440,,,chow,1.1
805932879469572096,Major,,norwegian_elkhound,1.2
805826884734976000,Duke,,siberian_husky,1.2
805520635690676224,Zeke,,malinois,1.3
805487436403003392,Sansa,,,1.2
805207613751304193,Shooter,,pembroke,1.2
804738756058218496,Django,,tibetan_mastiff,1.2
804026241225523202,Bo,,,1.3
803773340896923648,Diogi,puppo,miniature_pinscher,1.2
803638050916102144,,pupper,labrador_retriever,1.3
803380650405482500,Sonny,,,1.2
803276597545603072,Winston,,pembroke,1.1
802952499103731712,Marley,,chow,1.2
802572683846291456,Winnie,,golden_retriever,1.2
802323869084381190,Severus,,,1.3
802265048156610565,,,labrador_retriever,1.1
802239329049477120,Loki,puppo,eskimo_dog,1.2
801958328846974976,Ronnie,,staffordshire_bullterrier,1.2
801538201127157760,Wallace,,pembroke,1.2
801285448605831168,,,,1.0
801167903437357056,Milo,,cocker_spaniel,1.3
801115127852503040,Bones,doggo,dalmatian,1.2
800751577355128832,Mauve,,cocker_spaniel,1.2
800513324630806528,Chef,,pembroke,1.1
800459316964663297,,pupper,,1.2
800388270626521089,Doc,floofer,golden_retriever,1.2
800141422401830912,Peaches,,golden_retriever,1.3
800018252395122689,,doggo,,1.1
799757965289017345,Sobe,doggo,border_collie,1.3
799422933579902976,Longfellow,,miniature_pinscher,1.2
799297110730567681,Jeffrey,,malamute,1.1
799063482566066176,Mister,,norfolk_terrier,1.1
798933969379225600,Iroh,,siberian_husky,1.2
798925684722855936,Shadow,,west_highland_white_terrier,1.1
798209839306514432,Cooper,,pekinese,1.3
797971864723324932,,pupper,american_staffordshire_terrier,1.2
797545162159308800,Cassie,,pembroke,1.2
797236660651966464,Pancake,,collie,1.2
796865951799083009,Tyr,,cardigan,1.2
796759840936919040,Romeo,,american_staffordshire_terrier,1.1
796484825502875648,,doggo,cocker_spaniel,1.2
796387464403357696,Snicku,,pekinese,1.2
796149749086875649,Ruby,,golden_retriever,1.1
796116448414461957,,,cardigan,1.1
796080075804475393,Yogi,,chow,1.2
796031486298386433,Daisy,,golden_retriever,1.3
795464331001561088,,doggo,golden_retriever,1.3
795400264262053889,Brody,,golden_retriever,1.2
795076730285391872,Bailey,,,1.1
794926597468000259,Mack,,toy_poodle,1.2
794332329137291264,Nimbus,,samoyed,1.2
794205286408003585,Laika,pupper,,1.4
793962221541933056,Maximus,,labrador_retriever,1.2
793845145112371200,Clark,,old_english_sheepdog,1.3
793601777308463104,Dobby,,miniature_pinscher,1.2
793500921481273345,Fiona,,golden_retriever,1.2
793286476301799424,Moreton,,afghan_hound,1.3
793271401113350145,Dave,,siberian_husky,1.2
793256262322548741,,,basset,1.2
793241302385262592,Tucker,,golden_retriever,1.3
793226087023144960,Juno,,wire-haired_fox_terrier,1.1
793210959003287553,Maude,,french_bulldog,1.0
793195938047070209,Lily,puppo,labrador_retriever,1.2
793180763617361921,Newt,,lakeland_terrier,1.1
793165685325201412,Benji,,golden_retriever,1.2
793150605191548928,Nida,,italian_greyhound,1.1
793135492858580992,,,,1.3
793120401413079041,Robin,,labrador_retriever,1.1
792913359805018113,,,,1.3
792883833364439040,Bailey,,standard_poodle,1.2
792773781206999040,Monster,,yorkshire_terrier,1.2
792394556390137856,BeBe,,cocker_spaniel,1.2
792050063153438720,Remus,,komondor,1.1
791672322847637504,,,golden_retriever,1.3
791406955684368384,Levi,,pembroke,1.2
791312159183634433,Mabel,,miniature_pinscher,1.2
790987426131050500,Misty,,cocker_spaniel,1.2
790946055508652032,Betty,puppo,golden_retriever,1.2
790698755171364864,Mosby,,bernese_mountain_dog,1.2
790581949425475584,Duke,,malinois,1.1
790337589677002753,Maggie,,pembroke,1.2
790277117346975746,Bruce,,labrador_retriever,1.1
789986466051088384,Happy,,golden_retriever,1.2
789628658055020548,Eli,,chow,1.3
789599242079838210,Brownie,,chesapeake_bay_retriever,1.2
789530877013393408,Rizzy,,schipperke,1.2
789268448748703744,Stella,,malamute,1.0
789137962068021249,Bo,,chihuahua,1.2
788908386943430656,Lucy,,golden_retriever,1.1
788765914992902144,Butter,,cocker_spaniel,1.2
788412144018661376,Dexter,,golden_retriever,1.1
788178268662984705,,,samoyed,1.3
788150585577050112,Leo,,chow,1.3
788039637453406209,,,,1.2
787810552592695296,Frank,,pug,1.1
787717603741622272,Tonks,puppo,german_shepherd,1.3
787397959788929025,Moose,,chihuahua,1.1
787322443945877504,Lincoln,,golden_retriever,1.0
786963064373534720,Rory,,golden_retriever,1.2
786709082849828864,Logan,,pomeranian,0.975
786664955043049472,,,leonberg,1.2
786595970293370880,Dale,,pembroke,1.1
786363235746385920,Rizzo,doggo,golden_retriever,1.3
786233965241827333,Mattie,,labrador_retriever,1.1
785927819176054784,Lucy,,toy_poodle,1.2
785872687017132033,Rusty,,great_pyrenees,1.2
785639753186217984,Pinot,doggo,,1.0
785533386513321988,Dallas,,miniature_pinscher,1.1
785264754247995392,Doc,,chow,1.2
785170936622350336,Hero,,eskimo_dog,1.1
784826020293709826,Rusty,,chow,1.3
784517518371221505,Frankie,,malamute,1.1
784431430411685888,Stormy,,miniature_poodle,1.2
783839966405230592,Riley,,,1.3
783821107061198850,Mairi,,lakeland_terrier,1.2
783695101801398276,Loomis,,chow,1.2
783466772167098368,Finn,,chihuahua,1.1
783391753726550016,Godi,,norwegian_elkhound,1.3
783334639985389568,Dave,,cardigan,1.2
783085703974514689,Earl,,chesapeake_bay_retriever,1.1
782969140009107456,Cali,,golden_retriever,1.2
782747134529531904,Deacon,doggo,golden_retriever,1.1
782722598790725632,Penny,,irish_setter,1.0
782598640137187329,Timmy,,malamute,1.1
782305867769217024,Sampson,doggo,briard,1.2
781955203444699136,Chipson,,,1.1
781661882474196992,,,pembroke,0.5
781524693396357120,,,chesapeake_bay_retriever,1.2
781251288990355457,Oakley,,mexican_hairless,1.1
781163403222056960,,,shetland_sheepdog,1.0
780931614150983680,,puppo,,1.3
780858289093574656,Dash,,chesapeake_bay_retriever,1.0
780800785462489090,Koda,,siberian_husky,1.1
780601303617732608,Hercules,,saint_bernard,1.2
780543529827336192,,,golden_retriever,1.2
780459368902959104,Bear,,great_dane,1.1
780192070812196864,,,vizsla,1.1
779834332596887552,Scout,,golden_retriever,1.1
779377524342161408,,pupper,,1.2
779056095788752897,,,chihuahua,1.3
778990705243029504,Jay,,cocker_spaniel,1.1
778748913645780993,Mya,,staffordshire_bullterrier,1.1
778650543019483137,Strider,,german_shepherd,1.0
778624900596654080,Penny,,airedale,1.1
778408200802557953,,,pembroke,1.4
778383385161035776,Nala,,collie,1.3
778286810187399168,Stanley,,boston_bull,1.1
778039087836069888,,pupper,german_shepherd,1.2
778027034220126208,Sophie,pupper,clumber,1.127
777885040357281792,Wesley,,afghan_hound,0.3
777684233540206592,,,cocker_spaniel,1.2
777621514455814149,Derek,,chow,1.2
777189768882946048,Jeffrey,,chihuahua,1.2
776813020089548800,Solomon,,toy_poodle,1.2
776477788987613185,Huck,pupper,labrador_retriever,1.1
776218204058357768,,floofer,samoyed,1.3
776201521193218049,,,rottweiler,1.0
776113305656188928,Sampson,pupper,,1.1
776088319444877312,,,pug,1.0
775842724423557120,Blue,,chow,1.2
775733305207554048,Anakin,doggo,,1.1
775729183532220416,,,,1.3
775364825476165632,Finley,doggo,beagle,1.1
775085132600442880,Tucker,,chow,1.3
774757898236878852,Finley,,toy_poodle,1.2
774639387460112384,Sprinkles,,walker_hound,1.0
774314403806253056,,,eskimo_dog,1.4
773985732834758656,Winnie,pupper,pug,1.1
773922284943896577,Heinrich,,pomeranian,1.2
773704687002451968,Loki,,silky_terrier,1.2
773670353721753600,Shakespeare,,old_english_sheepdog,1.0
773547596996571136,Chelsea,pupper,norwegian_elkhound,1.1
773308824254029826,Bungalo,,labrador_retriever,1.2
773247561583001600,Chip,,miniature_pinscher,1.0
773191612633579521,Grey,,blenheim_spaniel,1.2
772877495989305348,,,norwegian_elkhound,1.1
772826264096874500,Roosevelt,,basset,1.1
772581559778025472,,,newfoundland,1.0
772193107915964416,Willem,pupper,pembroke,1.2
772152991789019136,,,golden_retriever,1.0
772117678702071809,Jack,,labrador_retriever,1.2
772114945936949249,Finn,,chihuahua,1.0
772102971039580160,Penny,,pembroke,1.1
771770456517009408,Davey,,papillon,1.1
771500966810099713,Dakota,,labrador_retriever,1.2
771380798096281600,Fizz,,collie,1.1
771136648247640064,Dixie,,golden_retriever,1.1
771102124360998913,Charlie,,labrador_retriever,1.2
771014301343748096,,,,0.7
770787852854652928,Winston,,bernese_mountain_dog,1.0
770772759874076672,Sebastian,,chow,1.1
770655142660169732,,,,1.1
770414278348247044,Al,,golden_retriever,1.1
770293558247038976,Jackson,,italian_greyhound,1.0
770069151037685760,Carbon,,boston_bull,1.0
769940425801170949,Klein,,miniature_pinscher,1.2
769695466921623552,Titan,,pug,1.3
769212283578875904,DonDon,,golden_retriever,1.2
768970937022709760,Kirby,,pomeranian,1.2
768855141948723200,Jesse,,chow,1.1
768609597686943744,Lou,,basenji,1.0
768596291618299904,Oakley,,great_pyrenees,1.2
768473857036525572,Chevy,,labrador_retriever,1.1
768193404517830656,Gerald,doggo,,0.8
767884188863397888,Tito,,,1.0
767754930266464257,Philbert,,vizsla,1.1
767500508068192258,Louie,,chow,1.2
767191397493538821,,doggo,,1.3
767122157629476866,Rupert,,toy_poodle,1.3
766793450729734144,Rufus,,beagle,1.0
766693177336135680,Brudge,,doberman,1.1
766423258543644672,Shadoe,,keeshond,0.9
766313316352462849,Oscar,,toy_poodle,1.2
766069199026450432,Juno,,redbone,1.2
766008592277377025,Angel,,welsh_springer_spaniel,1.1
765719909049503744,Brat,,golden_retriever,1.2
765669560888528897,Tove,,beagle,1.2
765395769549590528,,,pembroke,1.3
765371061932261376,Louie,pupper,golden_retriever,1.1
765222098633691136,Gromit,,dalmatian,1.0
764857477905154048,Aubie,,bernese_mountain_dog,1.2
764259802650378240,Kota,,german_shepherd,1.0
763837565564780549,Alfie,,malamute,1.1
763183847194451968,Clark,,miniature_poodle,0.8
763103485927849985,Belle,,chow,1.0
762699858130116608,Leela,,kelpie,1.1
762471784394268675,Glenn,,samoyed,1.2
762464539388485633,Buddy,,chow,1.2
762316489655476224,Scout,,,1.1
762035686371364864,,,,1.4
761976711479193600,Shelby,,labrador_retriever,1.2
761745352076779520,,,,1.1
761672994376806400,,,,1.0
761599872357261312,Sephie,,gordon_setter,1.1
761334018830917632,Bruce,,norwegian_elkhound,1.0
761292947749015552,Bonaparte,,standard_poodle,1.1
761227390836215808,Albert,,french_bulldog,1.0
761004547850530816,Bo,,golden_retriever,1.1
760893934457552897,Wishes,doggo,blenheim_spaniel,1.1
760656994973933572,Rose,,golden_retriever,1.1
760641137271070720,Theo,,,1.2
760539183865880579,Atlas,,samoyed,1.2
760290219849637889,Rocco,,old_english_sheepdog,1.3
760252756032651264,Fido,,,0.4
760190180481531904,Sadie,,,1.0
759923798737051648,,,labrador_retriever,1.0
759846353224826880,Kirby,,sussex_spaniel,1.1
759793422261743616,Maggie,,golden_retriever,1.2
759557299618865152,Emma,,golden_retriever,1.0
759447681597108224,Oakley,,kuvasz,1.1
759197388317847553,Luna,,kuvasz,1.2
759099523532779520,Toby,,shetland_sheepdog,0.7
759047813560868866,Spencer,,labrador_retriever,1.1
758854675097526272,Lilli,,old_english_sheepdog,1.1
758828659922702336,,doggo,chesapeake_bay_retriever,1.3
758740312047005698,Boston,,chesapeake_bay_retriever,1.2
758474966123810816,Brandonald,,pembroke,1.1
758467244762497024,,,labrador_retriever,1.1
758405701903519748,Odie,,chesapeake_bay_retriever,1.0
758355060040593408,Corey,,pembroke,1.1
758041019896193024,,,cardigan,0.9
757741869644341248,Leonard,,old_english_sheepdog,1.0
757725642876129280,Beckham,,labrador_retriever,1.1
757611664640446465,Cooper,,bluetick,1.2
757596066325864448,,,,0.4
757400162377592832,,,golden_retriever,1.3
757393109802180609,,doggo,labrador_retriever,1.0
757354760399941633,Devón,,italian_greyhound,0.8
756998049151549440,Oliver,,golden_retriever,1.1
756939218950160384,Jax,pupper,golden_retriever,1.2
756651752796094464,Gert,,pembroke,1.1
756526248105566208,,doggo,,1.3
756303284449767430,,,golden_retriever,1.1
756288534030475264,,,french_bulldog,1.2
756275833623502848,,puppo,airedale,1.0
755955933503782912,,pupper,pekinese,1.2
755206590534418437,,doggo,,1.4
755110668769038337,Watson,,labrador_retriever,1.3
754856583969079297,Winnie,,golden_retriever,1.1
754747087846248448,Keith,,,1.2
754482103782404096,Milo,,,1.0
754449512966619136,Dex,,beagle,1.1
754120377874386944,,,chow,1.0
753655901052166144,,,miniature_pinscher,1.0
753420520834629632,,,,1.1
753398408988139520,Scout,,whippet,1.2
753375668877008896,Hank,,bluetick,0.8
753294487569522689,Ace,,chow,1.1
753026973505581056,Tayzie,,pembroke,1.0
752917284578922496,Grizzie,,german_shepherd,1.1
752682090207055872,,doggo,german_shepherd,1.0
752660715232722944,,doggo,english_setter,1.0
752519690950500352,,puppo,labrador_retriever,1.1
752334515931054080,,doggo,bedlington_terrier,0.8
752173152931807232,Brody,,labrador_retriever,1.2
751937170840121344,Ruby,,lakeland_terrier,1.1
751830394383790080,Tucker,,chow,1.2
751598357617971201,Toby,,toy_poodle,1.3
751583847268179968,,,dalmatian,0.5
751538714308972544,Max,,labrador_retriever,1.0
751456908746354688,,pupper,golden_retriever,1.2
751251247299190784,Gilbert,,walker_hound,1.0
751205363882532864,,,labrador_retriever,1.2
751132876104687617,Cooper,puppo,labrador_retriever,1.0
750868782890057730,Milo,pupper,toy_poodle,1.1
750719632563142656,Meyer,,pembroke,1.2
750506206503038976,Malcolm,pupper,,0.8
750429297815552001,Arnie,,golden_retriever,1.2
750383411068534784,Zoe,pupper,border_collie,0.9
750147208377409536,,,pug,1.3
750132105863102464,Stewie,,toy_poodle,1.1
750117059602808832,Calvin,,shih-tzu,1.0
750101899009982464,Lilah,,golden_retriever,1.1
750086836815486976,Spanky,,pug,1.2
750071704093859840,,pupper,redbone,1.0
750056684286914561,Jameson,,saluki,1.1
750041628174217216,Beau,,labrador_retriever,1.3
750026558547456000,Jax,,standard_poodle,1.0
750011400160841729,Piper,doggo,boston_bull,1.1
749996283729883136,Bo,,old_english_sheepdog,1.2
749981277374128128,Atticus,,,177.6
749774190421639168,Lucy,,pekinese,1.2
749417653287129088,Finn,pupper,papillon,1.1
749403093750648834,,,chesapeake_bay_retriever,1.0
749395845976588288,George,,pomeranian,1.0
749317047558017024,Blu,floofer,wire-haired_fox_terrier,1.2
749064354620928000,Winston,,pug,1.1
749036806121881602,Dietrich,,west_highland_white_terrier,0.8
748977405889503236,,,german_short-haired_pointer,1.0
748932637671223296,Divine,doggo,borzoi,1.3
748705597323898880,,,,1.3
748699167502000129,Tripp,,pembroke,1.1
748692773788876800,Quizno,doggo,,1.0
748575535303884801,,,soft-coated_wheaten_terrier,0.6
748568946752774144,Cora,,tibetan_terrier,1.2
748346686624440324,,,borzoi,1.0
748324050481647620,Duke,,shetland_sheepdog,1.1
748307329658011649,,,,0.7
747963614829678593,,pupper,kelpie,1.0
747933425676525569,,,samoyed,1.1
747885874273214464,,,kuvasz,0.8
747844099428986880,Huxley,,pembroke,1.1
747816857231626240,,,pembroke,0.4
747600769478692864,Bookstore,,chesapeake_bay_retriever,1.0
747594051852075008,,,basenji,1.1
747512671126323200,,,cardigan,1.0
747461612269887489,,,,1.0
747219827526344708,Atticus,,shetland_sheepdog,1.1
747204161125646336,Clark,,,1.0
747103485104099331,,,labrador_retriever,1.1
746872823977771008,,,pembroke,1.1
746818907684614144,,,ibizan_hound,1.3
746790600704425984,,,boston_bull,1.0
746726898085036033,Abby,,golden_retriever,1.2
746507379341139972,Shiloh,,toy_poodle,1.0
746369468511756288,,,german_shepherd,0.9
746131877086527488,Gustav,,chow,1.0
746056683365994496,Arlen,,shetland_sheepdog,1.1
745789745784041472,Gus,,pekinese,1.0
745712589599014916,Percy,,chow,0.7
745433870967832576,Lenox,doggo,basset,1.0
745422732645535745,,,labrador_retriever,0.9
745314880350101504,Sugar,,,1.2
745057283344719872,Oliver,,shetland_sheepdog,1.2
744995568523612160,Abby,puppo,old_english_sheepdog,0.9
744971049620602880,Indie,,toy_poodle,1.2
744709971296780288,Harvey,,shetland_sheepdog,1.0
744334592493166593,Blanket,,samoyed,1.1
744234799360020481,,doggo,labrador_retriever,1.3
743980027717509120,Geno,,bull_mastiff,1.1
743895849529389061,,,dalmatian,1.0
743609206067040256,Stark,,weimaraner,1.0
743595368194129920,Harold,,,0.7
743545585370791937,Bentley,,standard_poodle,1.1
743510151680958465,Beya,,,1.3
743253157753532416,Kilo,puppo,malamute,1.0
743222593470234624,,pupper,kuvasz,1.2
743210557239623680,Kayla,,golden_retriever,1.0
742528092657332225,Maxaroni,,,1.0
742465774154047488,,pupper,,1.4
742423170473463808,Bell,,pug,1.2
742385895052087300,Phil,,cardigan,1.1
742161199639494656,Doug,,,1.2
742150209887731712,Edmund,pupper,french_bulldog,0.8
741793263812808706,,,kuvasz,1.0
741743634094141440,Aqua,pupper,labrador_retriever,1.1
741438259667034112,Tucker,,chesapeake_bay_retriever,0.9
741303864243200000,Theodore,,chihuahua,1.2
741067306818797568,,,golden_retriever,1.2
740995100998766593,Leo,,malamute,1.0
740711788199743490,,,toy_poodle,0.9
740699697422163968,Chip,,,0.8
740676976021798912,Baloo,pupper,norwegian_elkhound,1.1
740373189193256964,,,golden_retriever,1.4
740365076218183684,,,,1.0
740359016048689152,Chase,,golden_retriever,0.9
740214038584557568,,,chesapeake_bay_retriever,1.0
739979191639244800,Nollie,,irish_water_spaniel,1.2
739932936087216128,Rorie,,redbone,1.0
739844404073074688,Simba,,toy_poodle,1.2
739606147276148736,Benji,pupper,blenheim_spaniel,0.9
739544079319588864,,,labrador_retriever,1.0
739485634323156992,Kyle,,walker_hound,0.6
739238157791694849,,doggo,eskimo_dog,1.3
738885046782832640,Charles,,american_staffordshire_terrier,1.1
738883359779196928,,,labrador_retriever,1.0
738537504001953792,Bayley,puppo,chow,1.1
738402415918125056,,,cocker_spaniel,1.0
738184450748633089,,,bedlington_terrier,0.9
738166403467907072,Axel,,keeshond,1.2
738156290900254721,Storkson,,pug,1.0
737826014890496000,Remy,,vizsla,1.0
737800304142471168,Bella,,malamute,1.0
737678689543020544,,,pembroke,1.1
737445876994609152,,floofer,samoyed,1.3
737322739594330112,Lily,,,0.9
737310737551491075,,,,1.3
736736130620620800,Chadrick,,schipperke,1.3
736365877722001409,Rory,pupper,toy_poodle,1.1
736225175608430592,,,labrador_retriever,1.0
736010884653420544,,,golden_retriever,1.0
735991953473572864,Maxaroni,,cocker_spaniel,1.1
735648611367784448,,pupper,pembroke,1.2
735635087207878657,Dakota,,pug,1.1
735274964362878976,,,,1.1
735256018284875776,Kellogg,doggo,staffordshire_bullterrier,0.8
735137028879360001,Buckley,pupper,walker_hound,0.9
734912297295085568,Jax,,maltese_dog,1.0
734787690684657664,,,golden_retriever,1.3
734776360183431168,Livvie,,siberian_husky,1.1
733828123016450049,Terry,,beagle,1.0
733822306246479872,Moose,floofer,lhasa,1.0
733482008106668032,,,french_bulldog,1.0
733460102733135873,Hermione,,chow,1.1
733109485275860992,,,golden_retriever,1.2
732732193018155009,Ralpher,,staffordshire_bullterrier,1.2
732726085725589504,Aldrick,,pomeranian,1.1
732585889486888962,,,staffordshire_bullterrier,1.0
732375214819057664,Kyle,doggo,basset,1.1
732005617171337216,Larry,,english_setter,1.1
731285275100512256,Solomon,,pembroke,1.2
731156023742988288,,,,1.2
730924654643314689,,,newfoundland,0.9
730573383004487680,Rooney,pupper,american_staffordshire_terrier,1.0
730427201120833536,Crystal,,eskimo_dog,1.1
730211855403241472,Ziva,,pug,1.1
730196704625098752,Charles,,,0.6
729854734790754305,Ollie,,,1.1
729838605770891264,,,,1.2
729823566028484608,Stefan,,kelpie,1.3
729463711119904772,Pupcasso,,german_shepherd,1.3
729113531270991872,,,,1.0
728986383096946689,Puff,,maltese_dog,1.1
728760639972315136,,,pembroke,1.3
728751179681943552,Flurpson,,saint_bernard,1.0
728653952833728512,Coleman,,,0.8
728409960103686147,Wallace,,saint_bernard,1.0
728387165835677696,Enchilada,,collie,1.2
728046963732717569,Raymond,,newfoundland,1.1
728035342121635841,,pupper,pomeranian,1.2
728015554473250816,Rueben,pupper,cocker_spaniel,1.1
727685679342333952,Cilantro,,border_collie,1.2
727644517743104000,,doggo,great_pyrenees,1.3
727524757080539137,,pupper,pomeranian,1.0
727314416056803329,,pupper,toy_poodle,1.1
727286334147182592,,,chihuahua,0.9
727175381690781696,Karll,,flat-coated_retriever,1.0
726935089318363137,Sprout,,toy_poodle,1.2
726887082820554753,Blitz,,soft-coated_wheaten_terrier,1.0
726828223124897792,Bloop,,miniature_pinscher,1.2
726224900189511680,,,standard_poodle,0.9
725842289046749185,Colby,,toy_poodle,1.2
725786712245440512,Lillie,pupper,chow,1.1
725729321944506368,Lola,,boxer,1.2
724983749226668032,Fred-Rick,,golden_retriever,1.2
724771698126512129,,doggo,german_short-haired_pointer,1.1
724405726123311104,Ashleigh,pupper,golden_retriever,1.0
724049859469295616,Kreggory,,border_collie,1.0
724046343203856385,Sarge,,boxer,1.0
724004602748780546,Luther,pupper,pug,1.1
723912936180330496,Sugar,,samoyed,1.2
723688335806480385,Reginald,,chow,1.2
723673163800948736,Ivar,,golden_retriever,1.0
723179728551723008,Jangle,,norwegian_elkhound,0.8
722974582966214656,,,great_dane,1.3
722613351520608256,Schnitzel,,labrador_retriever,1.2
721503162398597120,Panda,,pomeranian,1.1
721001180231503872,Oliver,pupper,samoyed,1.1
720785406564900865,Archie,,chihuahua,1.2
720775346191278080,Berkeley,,newfoundland,1.0
720415127506415616,,,rottweiler,1.0
720389942216527872,Ralphé,,pembroke,1.1
720340705894408192,Derek,pupper,,1.0
720059472081784833,Charleson,,mexican_hairless,0.9
720043174954147842,Neptune,,samoyed,1.1
719991154352222208,,doggo,golden_retriever,1.0
719704490224398336,Clyde,pupper,,1.2
719551379208073216,Harnold,,malamute,1.0
719367763014393856,Sid,,soft-coated_wheaten_terrier,1.1
719339463458033665,Lucy,,golden_retriever,1.0
719332531645071360,Pippa,,dandie_dinmont,1.1
718971898235854848,Sadie,,golden_retriever,1.0
718939241951195136,Otis,,pembroke,1.2
718631497683582976,,,pomeranian,1.0
718613305783398402,Carper,,labrador_retriever,1.1
718540630683709445,,,maltese_dog,1.0
718460005985447936,Bowie,,boston_bull,0.9
718454725339934721,,,,1.3
718246886998687744,Alexanderson,,chihuahua,0.3
718234618122661888,Suki,,malamute,1.1
717841801130979328,Barclay,,brittany_spaniel,1.1
717790033953034240,,pupper,,1.0
717537687239008257,,,golden_retriever,1.1
717421804990701568,Ebby,,miniature_pinscher,0.9
717047459982213120,Flávio,,golden_retriever,1.2
717009362452090881,Smokey,pupper,siberian_husky,1.0
716802964044845056,Link,,malinois,1.0
716791146589110272,Jennifur,,pomeranian,1.1
716439118184652801,Bluebert,,siberian_husky,1.1
716285507865542656,Stephanus,,yorkshire_terrier,1.2
716080869887381504,,doggo,golden_retriever,1.1
715928423106027520,Bubbles,,pug,1.1
715733265223708672,,,dandie_dinmont,1.0
715696743237730304,Toby,,staffordshire_bullterrier,1.0
715680795826982913,Zeus,,golden_retriever,1.2
715360349751484417,Bertson,,,1.1
715342466308784130,Oscar,,west_highland_white_terrier,1.0
715220193576927233,Nico,,chihuahua,1.0
715200624753819648,Michelangelope,,chihuahua,1.2
715009755312439296,Siba,,chihuahua,1.2
714982300363173890,Calbert,,brittany_spaniel,0.9
714957620017307648,Curtis,,great_pyrenees,1.0
714631576617938945,Benedict,,,0.4
714606013974974464,,,norfolk_terrier,1.2
714258258790387713,Travis,,collie,1.0
714251586676113411,Thumas,,soft-coated_wheaten_terrier,0.8
714214115368108032,,,pug,1.3
714141408463036416,,,labrador_retriever,1.0
713919462244790272,Kanu,,siberian_husky,1.2
713900603437621249,,,golden_retriever,1.1
713761197720473600,Piper,,brittany_spaniel,1.2
713411074226274305,,,great_pyrenees,1.1
713177543487135744,Lance,,whippet,1.0
713175907180089344,Opie,,malamute,1.0
712809025985978368,Stubert,,labrador_retriever,1.0
712717840512598017,,,great_pyrenees,1.0
712668654853337088,Sunny,,labrador_retriever,1.0
712438159032893441,Kane,,great_pyrenees,1.1
712097430750289920,,,labrador_retriever,1.0
712092745624633345,Steven,,,0.7
712085617388212225,Olive,,shih-tzu,1.1
712065007010385924,Chester,,,0.6
711968124745228288,Winston,pupper,,1.0
711743778164514816,Roosevelt,,lakeland_terrier,1.1
711732680602345472,,,ibizan_hound,1.0
711694788429553666,,,,1.3
711652651650457602,Gary,,,0.9
711363825979756544,,,pembroke,1.1
711306686208872448,,,dandie_dinmont,0.3
711008018775851008,Chuckles,pupper,french_bulldog,1.1
710997087345876993,Milo,,malamute,1.2
710844581445812225,Staniel,,pembroke,1.0
710833117892898816,Sora,,pembroke,1.2
710658690886586372,,,soft-coated_wheaten_terrier,1.0
710588934686908417,Beemo,,pembroke,1.2
710283270106132480,Gunner,,shih-tzu,1.1
710272297844797440,,,old_english_sheepdog,1.1
710269109699739648,,,pug,1.3
710153181850935296,Lacy,,cocker_spaniel,1.1
710140971284037632,Tater,,pekinese,0.8
710117014656950272,,pupper,toy_poodle,1.1
709918798883774466,Watson,,pembroke,1.2
709901256215666688,,,,1.2
709852847387627521,,,chihuahua,1.2
709566166965075968,Olaf,,chow,1.2
709556954897764353,Cecil,,golden_retriever,1.2
709519240576036864,Vince,,cocker_spaniel,0.9
709449600415961088,Karma,,maltese_dog,1.0
709409458133323776,Billy,,shetland_sheepdog,0.8
709225125749587968,Walker,,labrador_retriever,1.1
709207347839836162,Penny,,chihuahua,1.1
709198395643068416,,,borzoi,0.9
709158332880297985,Rodney,,siberian_husky,1.0
709042156699303936,Klevin,,rottweiler,0.9
708845821941387268,,pupper,schipperke,0.9
708834316713893888,Malikai,,eskimo_dog,1.0
708810915978854401,Mister,,golden_retriever,1.0
708738143638450176,Coco,,pomeranian,1.1
708711088997666817,Smokey,,german_short-haired_pointer,1.1
708479650088034305,Bear,,shih-tzu,1.3
708469915515297792,Bobble,,chihuahua,1.1
708356463048204288,Oliver,,pug,1.0
708349470027751425,River,,basenji,1.1
708149363256774660,Jebberson,,cardigan,1.0
708130923141795840,,,french_bulldog,1.1
708119489313951744,Cooper,,norwich_terrier,0.9
708109389455101952,Remington,,staffordshire_bullterrier,1.0
708026248782585858,,,malinois,1.3
707995814724026368,Farfle,,,1.2
707969809498152960,Rufus,,toy_poodle,1.1
707776935007539200,Sadie,,miniature_pinscher,1.1
707741517457260545,,,whippet,1.0
707693576495472641,Jiminus,,,0.7
707610948723478529,Harper,,golden_retriever,1.2
707420581654872064,Keurig,,kuvasz,0.4
707411934438625280,,pupper,lakeland_terrier,1.1
707387676719185920,Clarkus,,chihuahua,1.0
707377100785885184,,,golden_retriever,0.9
707315916783140866,Finnegus,pupper,bernese_mountain_dog,1.0
707297311098011648,Cassie,,blenheim_spaniel,1.0
707059547140169728,Cupcake,,samoyed,1.1
707038192327901184,Kathmandu,,pug,1.0
707021089608753152,Tucker,,cocker_spaniel,1.2
707014260413456384,Ellie,,chihuahua,1.1
706901761596989440,Elliot,,,0.3
706681918348251136,Katie,,toy_poodle,1.2
706644897839910912,Shadow,,chihuahua,0.9
706593038911545345,,,,1.0
706538006853918722,Oliver,,chow,1.1
706516534877929472,,,golden_retriever,1.2
706346369204748288,Koda,,tibetan_mastiff,1.2
706310011488698368,,pupper,pembroke,1.2
706291001778950144,,,border_terrier,1.1
706265994973601792,Kara,,papillon,1.1
706166467411222528,Dexter,,samoyed,0.7
705975130514706432,Adele,pupper,staffordshire_bullterrier,1.0
705970349788291072,Lucy,,golden_retriever,1.2
705898680587526145,Max,,collie,1.0
705786532653883392,,pupper,labrador_retriever,1.1
705591895322394625,,,basenji,1.1
705475953783398401,Zara,,golden_retriever,1.2
705442520700944385,Cooper,,great_pyrenees,1.2
705428427625635840,Ambrose,pupper,chihuahua,1.1
705239209544720384,Jimothy,,chihuahua,1.1
705223444686888960,Bode,,chesapeake_bay_retriever,0.9
705102439679201280,Terrenth,,collie,1.0
705066031337840642,Reese,,airedale,1.2
704871453724954624,,,norfolk_terrier,1.2
704859558691414016,,pupper,pug,1.0
704847917308362754,,,golden_retriever,1.2
704819833553219584,Chesterson,,,0.7
704761120771465216,,pupper,chihuahua,1.3
704499785726889984,,,chihuahua,1.2
704480331685040129,Lucia,,samoyed,1.1
704364645503647744,Bisquick,,pembroke,1.2
704347321748819968,Ralphson,pupper,brittany_spaniel,1.0
704113298707505153,Stanley,,,0.8
704054845121142784,,,great_pyrenees,1.2
703774238772166656,,,labrador_retriever,1.0
703769065844768768,,,boxer,1.0
703631701117943808,Bella,,,1.1
703611486317502464,Scooter,pupper,pembroke,1.0
703425003149250560,,,miniature_pinscher,0.9
703407252292673536,,pupper,,1.0
703382836347330562,Charlie,,golden_retriever,1.2
703356393781329922,Socks,,border_collie,0.9
703268521220972544,,pupper,kuvasz,1.2
703079050210877440,,,pembroke,1.1
703041949650034688,,,,1.0
702932127499816960,Chip,,,0.6
702684942141153280,Lucy,,golden_retriever,1.1
702671118226825216,Rambo,,bloodhound,1.0
702598099714314240,Sansa,pupper,kelpie,1.1
702539513671897089,,,pomeranian,1.2
702321140488925184,,,west_highland_white_terrier,1.2
702276748847800320,,,boston_bull,1.1
702217446468493312,,,golden_retriever,0.9
701981390485725185,Fiji,,pomeranian,1.2
701952816642965504,Rilo,,toy_poodle,1.1
701889187134500865,Bilbo,,french_bulldog,1.1
701601587219795968,Coopson,,chihuahua,1.0
701570477911896070,Yoda,,yorkshire_terrier,0.9
701545186879471618,Millie,pupper,border_collie,1.0
701214700881756160,,,chihuahua,1.2
700890391244103680,Chet,,schipperke,1.1
700864154249383937,,pupper,kuvasz,1.2
700847567345688576,Crouton,,rhodesian_ridgeback,1.0
700796979434098688,Daniel,,,0.7
700747788515020802,,,great_pyrenees,1.1
700518061187723268,Vincent,,american_staffordshire_terrier,1.0
700505138482569216,Kaia,,norwegian_elkhound,1.2
700462010979500032,Murphy,,pomeranian,0.6
700167517596164096,Dotsy,,beagle,1.0
700151421916807169,,pupper,italian_greyhound,1.1
700143752053182464,,pupper,golden_retriever,1.0
700062718104104960,Eazy-E,,,0.6
700029284593901568,Coops,,west_highland_white_terrier,1.0
700002074055016451,Thumas,,chihuahua,0.9
699801817392291840,Cooper,pupper,golden_retriever,1.1
699788877217865730,Nala,,border_terrier,1.2
699779630832685056,,,malinois,1.0
699775878809702401,Fillup,,dandie_dinmont,1.1
699691744225525762,Dave,,,0.5
699446877801091073,Archie,,pembroke,1.2
699434518667751424,,pupper,golden_retriever,1.2
699423671849451520,,,pug,1.0
699413908797464576,Miley,,samoyed,1.1
699370870310113280,Calbert,,cairn,1.1
699323444782047232,,,labrador_retriever,1.0
699088579889332224,Charl,,,0.3
699079609774645248,Reagan,,schipperke,0.8
699072405256409088,,,shih-tzu,1.2
699036661657767936,,pupper,chihuahua,1.3
698989035503689728,Oliver,,norfolk_terrier,1.3
698953797952008193,CeCe,,italian_greyhound,1.1
698907974262222848,,,german_short-haired_pointer,1.0
698710712454139905,Cuddles,,samoyed,1.0
698703483621523456,Rusty,,brittany_spaniel,0.7
698635131305795584,,,samoyed,1.2
698549713696649216,Claude,,french_bulldog,0.9
698355670425473025,Jessiga,,pug,1.0
698342080612007937,Maximus,,boxer,1.1
698262614669991936,Franklin,,italian_greyhound,1.1
698195409219559425,Beau,,labrador_retriever,0.9
698178924120031232,Lily,,chesapeake_bay_retriever,1.0
697995514407682048,,,staffordshire_bullterrier,1.1
697990423684476929,Doug,,pembroke,1.1
697943111201378304,Cassie,,great_dane,1.0
697881462549430272,Carter,,,1.0
697616773278015490,,pupper,lhasa,1.1
697596423848730625,,pupper,shetland_sheepdog,1.1
697575480820686848,Ole,,whippet,0.8
697482927769255936,Blipson,,,1.1
697463031882764288,,,labrador_retriever,1.1
697270446429966336,Bentley,,toy_poodle,1.0
697259378236399616,,,great_dane,0.8
697255105972801536,Charlie,,great_dane,1.0
697242256848379904,Oakley,,eskimo_dog,1.0
696900204696625153,Rosie,,chihuahua,1.2
696894894812565505,,,appenzeller,0.9
696886256886657024,,,kuvasz,1.2
696877980375769088,Misty,pupper,,0.9
696754882863349760,Reptar,,toy_poodle,1.0
696713835009417216,Trevith,pupper,chesapeake_bay_retriever,0.9
696488710901260288,,,briard,1.2
696405997980676096,Berb,,borzoi,0.7
695816827381944320,,,pomeranian,1.1
695794761660297217,Wyatt,,samoyed,1.3
695767669421768709,,,soft-coated_wheaten_terrier,1.3
695629776980148225,Calvin,,old_english_sheepdog,0.8
695446424020918272,,,basenji,1.2
695409464418041856,Bob,,pug,1.0
695314793360662529,Colin,,maltese_dog,1.0
695095422348574720,,pupper,papillon,1.2
695074328191332352,Lorenzo,pupper,shih-tzu,1.1
695064344191721472,,,,0.4
695051054296211456,Brian,,boston_bull,0.6
694905863685980160,Archie,,,1.0
694669722378485760,Phil,,,1.2
694356675654983680,,pupper,pomeranian,1.0
694352839993344000,Oliviér,,australian_terrier,1.0
694329668942569472,Grady,pupper,boxer,0.9
694206574471057408,,,shih-tzu,1.0
694183373896572928,Lola,,pekinese,0.9
694001791655137281,Chester,,pembroke,1.1
693942351086120961,Kobe,,groenendael,1.0
693647888581312512,,,,0.7
693642232151285760,Freddery,,scottish_deerhound,0.9
693629975228977152,,pupper,pug,1.2
693622659251335168,,,malamute,1.0
693590843962331137,Phil,pupper,,0.3
693486665285931008,Lincoln,,,1.1
693280720173801472,Sadie,,labrador_retriever,1.0
693262851218264065,,pupper,golden_retriever,1.1
693231807727280129,Bodie,,vizsla,0.9
693155686491000832,Dunkin,,shih-tzu,1.2
693109034023534592,,,cocker_spaniel,1.1
693095443459342336,Milo,pupper,yorkshire_terrier,1.0
692919143163629568,,,saint_bernard,0.9
692905862751522816,Wally,pupper,mexican_hairless,1.0
692901601640583168,,,soft-coated_wheaten_terrier,1.0
692894228850999298,Tupawc,,german_short-haired_pointer,1.0
692828166163931137,,pupper,samoyed,1.2
692752401762250755,,pupper,samoyed,1.3
692568918515392513,Chester,,golden_retriever,1.2
692535307825213440,Amber,,pug,1.0
692530551048294401,Cody,,siberian_husky,1.0
692417313023332352,Herschel,pupper,,0.7
692187005137076224,,,siberian_husky,1.2
692158366030913536,Edgar,,pug,1.0
692142790915014657,,,toy_poodle,1.3
692017291282812928,Kingsley,,tibetan_terrier,0.9
691820333922455552,Brockly,,,0.8
691756958957883396,,,saint_bernard,1.0
691675652215414786,Richie,,chihuahua,1.0
691483041324204033,,,bloodhound,0.5
691459709405118465,Leo,,shetland_sheepdog,1.2
691444869282295808,Bailey,,bernese_mountain_dog,1.2
691416866452082688,,,lakeland_terrier,1.3
691321916024623104,Molly,,rottweiler,1.1
691096613310316544,,,borzoi,1.1
691090071332753408,,,,1.2
690959652130045952,,,golden_retriever,1.1
690938899477221376,,,,1.0
690932576555528194,Buddy,,,1.2
690735892932222976,Peaches,,golden_retriever,1.3
690728923253055490,Vinscent,,kuvasz,0.8
690690673629138944,Cedrick,,maltese_dog,1.0
690649993829576704,Hazel,,mexican_hairless,1.1
690597161306841088,Lolo,,lhasa,1.1
690400367696297985,Eriq,,pembroke,1.0
690374419777196032,Phred,,kuvasz,1.1
690360449368465409,,,pug,0.9
690248561355657216,Maxwell,,,1.1
690021994562220032,Geoff,,malamute,1.0
690015576308211712,,pupper,malamute,1.2
690005060500217858,,,samoyed,1.0
689999384604450816,Covach,,standard_poodle,1.0
689977555533848577,,,labrador_retriever,1.2
689905486972461056,Gizmo,pupper,pomeranian,1.1
689877686181715968,Durg,,old_english_sheepdog,0.9
689835978131935233,Fynn,,collie,1.1
689661964914655233,Luca,,italian_greyhound,1.2
689659372465688576,Ricky,,,0.8
689623661272240129,Lucy,pupper,toy_poodle,1.0
689599056876867584,,,cocker_spaniel,1.1
689557536375177216,,,eskimo_dog,1.2
689517482558820352,Carl,,pembroke,1.2
689289219123089408,,,,1.3
689283819090870273,Chipson,,scotch_terrier,0.9
689280876073582592,Herald,,chihuahua,1.0
689275259254616065,Lucky,,american_staffordshire_terrier,1.0
689154315265683456,,,cocker_spaniel,0.9
689143371370250240,Trip,pupper,english_springer,1.0
688916208532455424,,pupper,pembroke,1.1
688908934925697024,Clarence,,,0.8
688898160958271489,,,ibizan_hound,1.0
688894073864884227,Hamrick,pupper,,0.7
688828561667567616,Brad,,cardigan,0.9
688804835492233216,,,malinois,1.2
688789766343622656,Pubert,,american_staffordshire_terrier,0.8
688547210804498433,Frönq,,papillon,0.9
688519176466644993,,pupper,pembroke,1.2
688385280030670848,Louis,,golden_retriever,1.2
688211956440801280,Derby,,,1.3
688179443353796608,Lizzie,pupper,,1.0
688116655151435777,,,pug,1.0
688064179421470721,Kilo,,eskimo_dog,1.1
687826841265172480,Louis,,pomeranian,1.2
687818504314159109,,pupper,lakeland_terrier,1.2
687807801670897665,Trooper,,staffordshire_bullterrier,1.1
687704180304273409,Blakely,pupper,miniature_pinscher,0.9
687664829264453632,Opal,,pug,1.1
687494652870668288,Marq,,rottweiler,0.7
687480748861947905,,,english_springer,1.2
687476254459715584,Curtis,pupper,,1.1
687460506001633280,Kramer,,boston_bull,1.0
687317306314240000,Tyrone,,shih-tzu,1.1
687312378585812992,,pupper,great_dane,0.7
687127927494963200,Gordon,,pug,0.9
687124485711986689,Samson,,beagle,1.1
687109925361856513,Baxter,,borzoi,1.1
687102708889812993,,,,0.5
687096057537363968,,pupper,labrador_retriever,1.1
686947101016735744,Jackson,,,1.1
686749460672679938,,,,0.8
686730991906516992,,,tibetan_mastiff,1.2
686683045143953408,Mona,pupper,norwich_terrier,1.1
686618349602762752,Olivia,pupper,rottweiler,1.1
686606069955735556,Horace,,labrador_retriever,1.0
686386521809772549,Crimson,,yorkshire_terrier,1.1
686377065986265092,Birf,pupper,german_shepherd,1.0
686358356425093120,,,pug,1.0
686050296934563840,Flávio,,pomeranian,1.1
686034024800862208,,,great_dane,1.2
686007916130873345,,pupper,rhodesian_ridgeback,1.1
686003207160610816,Hammond,,,0.3
685973236358713344,Lorelei,,siberian_husky,1.1
685943807276412928,,pupper,papillon,0.8
685906723014619143,Olive,,yorkshire_terrier,0.9
685667379192414208,Marty,pupper,,0.9
685663452032069632,Brooks,,chesapeake_bay_retriever,1.2
685641971164143616,Otis,pupper,lakeland_terrier,0.7
685547936038666240,,pupper,,1.4
685532292383666176,,,collie,0.9
685325112850124800,,,golden_retriever,1.0
685321586178670592,Rocky,,boston_bull,1.0
685315239903100929,,,chow,1.1
685307451701334016,Petrick,floofer,pomeranian,1.1
685268753634967552,Hubertson,pupper,pug,1.0
685198997565345792,Alfie,,old_english_sheepdog,1.1
685169283572338688,Gerbald,pupper,bernese_mountain_dog,1.1
684959798585110529,Jerry,,,0.5
684940049151070208,Oreo,,border_collie,1.2
684926975086034944,Bruiser,,labrador_retriever,1.1
684914660081053696,,,chow,1.2
684902183876321280,Perry,,pembroke,1.1
684880619965411328,,pupper,,0.5
684800227459624960,Theodore,,miniature_schnauzer,1.1
684594889858887680,,,weimaraner,1.0
684567543613382656,Bobby,,,0.4
684538444857667585,,,chihuahua,1.2
684481074559381504,Pippa,,chihuahua,1.0
684460069371654144,Jeph,,labrador_retriever,1.0
684241637099323392,Obi,,pembroke,1.2
684225744407494656,,,golden_retriever,1.1
684222868335505415,,,soft-coated_wheaten_terrier,1.1
684200372118904832,,,,0.6
684195085588783105,Tino,,chihuahua,0.9
684188786104872960,,,kelpie,1.0
684177701129875456,Kulet,,chow,1.0
684122891630342144,,,,1.1
684097758874210310,Lupe,,labrador_retriever,1.0
683857920510050305,Sadie,,bluetick,1.0
683852578183077888,Tiger,,toy_poodle,1.0
683849932751646720,Jiminy,,mexican_hairless,0.5
683834909291606017,,pupper,maltese_dog,0.9
683828599284170753,,pupper,malamute,1.2
683773439333797890,Buddy,,miniature_pinscher,0.9
683742671509258241,Sebastian,,pembroke,1.1
683498322573824003,Griffin,,airedale,1.1
683481228088049664,Banjo,pupper,keeshond,1.1
683462770029932544,,pupper,italian_greyhound,0.8
683449695444799489,,,lakeland_terrier,1.0
683391852557561860,Jack,,french_bulldog,1.1
683357973142474752,,,pembroke,1.0
683142553609318400,Brandy,pupper,leonberg,0.9
683111407806746624,Larry,pupper,cocker_spaniel,1.0
683098815881154561,,,golden_retriever,1.2
683078886620553216,,pupper,eskimo_dog,0.9
683030066213818368,Lulu,,boxer,1.0
682962037429899265,Darrel,,chihuahua,1.0
682788441537560576,,pupper,,1.2
682750546109968385,Taco,,english_setter,0.9
682697186228989953,,,,1.2
682662431982772225,Joey,,beagle,1.1
682638830361513985,,,english_springer,1.2
682429480204398592,,,whippet,0.8
682406705142087680,Patrick,pupper,,0.7
682393905736888321,Kreg,,vizsla,1.1
682389078323662849,Brody,,curly-coated_retriever,0.9
682303737705140231,Todo,,lakeland_terrier,0.9
682259524040966145,Jax,,siberian_husky,0.9
682242692827447297,Samson,,,1.1
682059653698686977,Tess,,,1.1
682047327939461121,,,,1.0
682032003584274432,Ulysses,,schipperke,1.1
682003177596559360,,,,0.5
681981167097122816,Jimothy,,labrador_retriever,1.2
681891461017812993,Charlie,pupper,chihuahua,1.0
681694085539872773,Bo,pupper,toy_poodle,1.1
681679526984871937,,pupper,,0.7
681654059175129088,Toffee,pupper,pomeranian,1.2
681610798867845120,,,toy_poodle,1.2
681579835668455424,Apollo,,rottweiler,0.8
681523177663676416,Carly,,norfolk_terrier,1.2
681339448655802368,Asher,,labrador_retriever,0.9
681320187870711809,Glacier,,samoyed,1.1
681302363064414209,Chuck,,,0.3
681297372102656000,,,lhasa,1.2
681281657291280384,Sarge,,saint_bernard,1.1
681261549936340994,Panda,,tibetan_terrier,0.9
681242418453299201,Champ,,,1.0
681231109724700672,,pupper,irish_setter,1.1
681193455364796417,Aspen,,pomeranian,1.1
680970795137544192,,,pug,0.9
680959110691590145,Ozzie,,pug,0.9
680940246314430465,Alice,,soft-coated_wheaten_terrier,0.4
680934982542561280,Sadie,,labrador_retriever,1.0
680913438424612864,Griswold,,pomeranian,1.1
680889648562991104,Cheesy,,shetland_sheepdog,0.9
680836378243002368,Ellie,pupper,pembroke,1.2
680801747103793152,,,pug,1.0
680798457301471234,Moofasa,,,0.6
680609293079592961,Brody,,french_bulldog,0.9
680583894916304897,Penny,,,0.8
680497766108381184,Percy,,chihuahua,1.2
680494726643068929,,,kuvasz,1.126
680473011644985345,Hector,pupper,lakeland_terrier,1.0
680440374763077632,,,,1.1
680221482581123072,CeCe,,,1.0
680206703334408192,Toby,,,1.2
680191257256136705,,pupper,brittany_spaniel,1.1
680176173301628928,,pupper,,1.0
680161097740095489,Goliath,,bluetick,1.2
680145970311643136,Kawhi,pupper,miniature_poodle,1.0
680130881361686529,Reggie,,maltese_dog,1.0
680115823365742593,Ozzy,,pug,0.9
680100725817409536,,pupper,golden_retriever,1.1
680085611152338944,,,,1.2
680070545539371008,Emmie,,shih-tzu,0.9
679877062409191424,Penelope,,,0.5
679862121895714818,,,entlebucher,1.1
679854723806179328,Bruce,,chow,0.7
679844490799091713,Willie,,airedale,1.0
679828447187857408,,pupper,chihuahua,1.3
679777920601223168,Rinna,pupper,bloodhound,1.0
679736210798047232,,,french_bulldog,0.9
679729593985699840,Hunter,,west_highland_white_terrier,0.8
679722016581222400,Mike,,boxer,0.8
679530280114372609,,,dalmatian,0.7
679527802031484928,,pupper,,1.1
679511351870550016,William,,chihuahua,0.7
679503373272485890,Dwight,pupper,,0.8
679475951516934144,Evy,,maltese_dog,0.9
679462823135686656,Hurley,,toy_poodle,1.1
679158373988876288,Rubio,,pug,1.1
679148763231985668,,,italian_greyhound,0.8
679132435750195208,Louis,,scottish_deerhound,1.0
679111216690831360,,,kelpie,1.2
679062614270468097,Chompsky,,schipperke,1.1
679047485189439488,,,golden_retriever,0.9
678991772295516161,,,eskimo_dog,1.2
678969228704284672,Lola,,labrador_retriever,1.1
678800283649069056,,pupper,labrador_retriever,1.2
678798276842360832,Linda,,airedale,0.7
678774928607469569,Tug,,pembroke,1.1
678767140346941444,Mia,,,0.8
678764513869611008,Wilson,,irish_terrier,1.0
678755239630127104,Dash,,malamute,1.0
678740035362037760,Tango,,beagle,0.6
678675843183484930,,,,0.2
678643457146150913,Grizz,,labrador_retriever,1.0
678446151570427904,,,staffordshire_bullterrier,1.0
678424312106393600,Crystal,,maltese_dog,0.2
678410210315247616,Jerome,,schipperke,1.0
678399652199309312,,,bedlington_terrier,1.2
678396796259975168,,,pembroke,1.2
678389028614488064,Bella,pupper,miniature_pinscher,1.1
678380236862578688,Crumpet,,samoyed,1.0
678341075375947776,,pupper,golden_retriever,1.2
678334497360859136,Rosie,,norfolk_terrier,1.0
678278586130948096,,pupper,maltese_dog,1.0
678255464182861824,Jessifer,,chihuahua,0.9
678021115718029313,Reese,,miniature_pinscher,1.2
677918531514703872,,,eskimo_dog,1.0
677895101218201600,,,dalmatian,0.9
677716515794329600,,,chow,1.2
677700003327029250,Ralph,,siberian_husky,1.0
677698403548192770,Sadie,,shih-tzu,0.9
677687604918272002,,,pembroke,1.1
677673981332312066,,,maltese_dog,0.9
677662372920729601,,,,1.2
677644091929329666,,,chihuahua,1.1
677573743309385728,Sandy,,,1.0
677565715327688705,,,basset,0.6
677557565589463040,,pupper,shih-tzu,1.0
677547928504967168,,,american_staffordshire_terrier,1.2
677530072887205888,Axel,,staffordshire_bullterrier,0.9
677334615166730240,,,lakeland_terrier,0.9
677331501395156992,Humphrey,,beagle,0.9
677328882937298944,Derek,,kelpie,1.0
677314812125323265,Tassy,,blenheim_spaniel,1.0
677301033169788928,Juckson,,japanese_spaniel,0.5
677269281705472000,,pupper,shetland_sheepdog,1.0
677228873407442944,Chuq,,,1.1
677187300187611136,,,english_setter,0.9
676975532580409345,Cooper,,malamute,1.1
676957860086095872,,,labrador_retriever,1.0
676949632774234114,Tyrus,,welsh_springer_spaniel,0.8
676948236477857792,Karl,,,0.6
676946864479084545,,,pekinese,1.2
676942428000112642,,,,0.9
676936541936185344,,pupper,chesapeake_bay_retriever,0.8
676897532954456065,,,,0.5
676864501615042560,Ash,,chesapeake_bay_retriever,1.0
676821958043033607,,,great_pyrenees,1.1
676819651066732545,,pupper,labrador_retriever,1.2
676811746707918848,Penny,,chihuahua,0.9
676776431406465024,,,,1.0
676617503762681856,,pupper,chihuahua,1.3
676613908052996102,,,doberman,1.2
676606785097199616,,,malinois,1.2
676603393314578432,Godzilla,pupper,whippet,0.9
676588346097852417,Bubbles,,boston_bull,0.5
676582956622721024,Vinnie,,boston_bull,0.8
676575501977128964,,pupper,yorkshire_terrier,0.8
676533798876651520,,,chow,1.2
676496375194980353,Griffin,,pug,0.9
676470639084101634,,pupper,golden_retriever,1.1
676440007570247681,,,maltese_dog,1.1
676430933382295552,Duke,,golden_retriever,1.0
676263575653122048,,pupper,toy_poodle,1.0
676237365392908289,Winston,,french_bulldog,0.8
676219687039057920,Kenneth,,whippet,1.0
676215927814406144,Herm,,,0.9
676191832485810177,,,chihuahua,1.0
676146341966438401,Bert,,irish_water_spaniel,1.0
676101918813499392,Striker,,shih-tzu,1.1
676098748976615425,,,,0.3
676089483918516224,,,bull_mastiff,0.9
675898130735476737,,pupper,labrador_retriever,1.0
675891555769696257,Donny,,italian_greyhound,0.6
675888385639251968,,,west_highland_white_terrier,1.0
675878199931371520,,,cardigan,1.1
675870721063669760,,,golden_retriever,1.1
675853064436391936,,,labrador_retriever,1.1
675845657354215424,Pepper,pupper,pug,1.0
675822767435051008,,,pomeranian,1.0
675820929667219457,,,basset,1.1
675798442703122432,Bernie,,beagle,1.0
675781562965868544,Buddah,,maltese_dog,1.1
675740360753160193,,pupper,golden_retriever,1.2
675710890956750848,Lenny,,standard_schnauzer,1.2
675707330206547968,,,staffordshire_bullterrier,1.1
675706639471788032,Wylie,,english_springer,1.0
675534494439489536,,,chow,1.1
675531475945709568,Ellie,,pembroke,1.0
675522403582218240,Sammy,,cocker_spaniel,1.0
675517828909424640,,,scottish_deerhound,1.2
675501075957489664,,,,1.3
675497103322386432,Reggie,,vizsla,1.1
675489971617296384,,,west_highland_white_terrier,1.0
675483430902214656,,,,0.5
675432746517426176,,,labrador_retriever,1.2
675372240448454658,,,chihuahua,1.3
675362609739206656,Daisy,,labrador_retriever,1.2
675354435921575936,,,golden_retriever,1.3
675349384339542016,,,borzoi,1.3
675334060156301312,,pupper,pembroke,1.2
675166823650848770,Arnold,,standard_poodle,1.0
675149409102012420,,,chow,1.2
675147105808306176,,,golden_retriever,1.0
675146535592706048,Coops,,cardigan,0.7
675145476954566656,,,labrador_retriever,0.9
675135153782571009,Steven,,,0.5
675113801096802304,Zuzu,pupper,,1.0
675111688094527488,Oliver,,labrador_retriever,0.8
675109292475830276,,,dalmatian,0.9
675047298674663426,,,samoyed,1.1
675015141583413248,Moe,,golden_retriever,1.0
675006312288268288,Mollie,pupper,boxer,1.0
675003128568291329,Laela,,pembroke,1.2
674999807681908736,,,rottweiler,1.3
674805413498527744,,,english_springer,1.0
674800520222154752,Tedders,,pembroke,1.1
674793399141146624,,,giant_schnauzer,1.3
674790488185167872,,,labrador_retriever,1.3
674788554665512960,Maggie,,miniature_poodle,0.9
674781762103414784,,,,0.8
674774481756377088,Superpup,pupper,chihuahua,1.1
674767892831932416,,,,1.2
674764817387900928,,,samoyed,1.0
674754018082705410,,,,1.2
674752233200820224,,,vizsla,1.2
674743008475090944,Sophie,,bernese_mountain_dog,1.0
674739953134403584,,,dandie_dinmont,1.1
674737130913071104,Rufio,pupper,pomeranian,1.0
674690135443775488,Patrick,,,0.3
674670581682434048,Jeb,,malamute,0.9
674664755118911488,Rodman,,,1.0
674646392044941312,,,flat-coated_retriever,0.5
674644256330530816,,,basset,1.1
674638615994089473,,pupper,pomeranian,1.2
674632714662858753,,,,0.5
674468880899788800,Louis,,chow,1.3
674447403907457024,,pupper,brabancon_griffon,1.0
674436901579923456,Bailey,,shih-tzu,0.9
674422304705744896,Ava,,golden_retriever,1.2
674416750885273600,Jonah,,chihuahua,1.0
674410619106390016,Lenny,,beagle,1.0
674394782723014656,Gary,,lakeland_terrier,0.8
674372068062928900,Chesney,,,1.0
674318007229923329,Lennon,pupper,,0.8
674291837063053312,Kenny,,cardigan,1.1
674271431610523648,,,german_shepherd,1.0
674269164442398721,Bob,,pug,0.8
674265582246694913,Henry,,,0.2
674262580978937856,Gus,pupper,greater_swiss_mountain_dog,0.9
674255168825880576,Bobbay,,eskimo_dog,1.0
674082852460433408,,,pomeranian,1.1
674075285688614912,Mitch,,airedale,1.1
674063288070742018,Earl,,,0.5
674053186244734976,Stanley,,cardigan,1.0
674051556661161984,Lucy,,shih-tzu,1.0
674045139690631169,,,,0.3
674042553264685056,,,toy_poodle,1.2
674038233588723717,Kaiya,pupper,eskimo_dog,1.2
674036086168010753,Daisy,,toy_poodle,0.9
674024893172875264,,,pomeranian,1.0
674019345211760640,Acro,,collie,1.0
674014384960745472,Aiden,,pembroke,1.1
674008982932058114,,,,1.0
673956914389192708,,pupper,pug,1.0
673919437611909120,Obie,pupper,schipperke,1.1
673906403526995968,,,soft-coated_wheaten_terrier,0.3
673887867907739649,,,brabancon_griffon,1.0
673715861853720576,,,,0.4
673711475735838725,,,maltese_dog,1.0
673709992831262724,,,chihuahua,1.2
673708611235921920,Riley,,golden_retriever,1.2
673707060090052608,Raymond,pupper,german_short-haired_pointer,1.0
673705679337693185,Dot,,shih-tzu,0.8
673700254269775872,,,,0.3
673697980713705472,Pickles,pupper,,0.8
673689733134946305,,,chesapeake_bay_retriever,1.1
673688752737402881,Larry,,soft-coated_wheaten_terrier,0.9
673686845050527744,George,,pekinese,1.1
673680198160809984,Shnuggles,,samoyed,1.3
673662677122719744,Kendall,,labrador_retriever,1.2
673656262056419329,Albert,pupper,bull_mastiff,1.0
673636718965334016,Kip,,pug,1.0
673612854080196609,Jeffri,pupper,newfoundland,0.7
673583129559498752,Sandy,,golden_retriever,1.1
673580926094458881,,,beagle,0.8
673576835670777856,,,,0.7
673363615379013632,,pupper,,1.1
673359818736984064,Steve,,english_setter,0.8
673355879178194945,Koda,,rottweiler,1.1
673352124999274496,,,golden_retriever,1.2
673350198937153538,Bella,,west_highland_white_terrier,0.9
673345638550134785,Gerald,,pomeranian,0.7
673343217010679808,,,chihuahua,1.1
673342308415348736,Django,pupper,chihuahua,1.0
673320132811366400,Frankie,,samoyed,1.1
673317986296586240,,,miniature_pinscher,1.0
673295268553605120,Eve,pupper,golden_retriever,0.8
673270968295534593,Mac,,shih-tzu,1.1
673240798075449344,,,airedale,0.6
673213039743795200,Dexter,,schipperke,1.0
673148804208660480,Fletcher,pupper,,0.8
672997845381865473,Kenzie,,chow,1.2
672995267319328768,Pumpkin,,french_bulldog,0.8
672988786805112832,Schnozz,pupper,lakeland_terrier,1.0
672984142909456390,,,,0.9
672980819271634944,,,basset,0.5
672975131468300288,Chuckles,pupper,pug,1.0
672970152493887488,Chet,pupper,,0.7
672968025906282496,Gustaf,,toy_poodle,1.1
672964561327235073,Terry,,chihuahua,1.0
672902681409806336,Jimison,,,0.9
672898206762672129,Cheryl,pupper,,1.1
672884426393653248,,,,0.6
672877615439593473,Oscar,,chihuahua,0.8
672834301050937345,Ed,,pembroke,1.0
672828477930868736,Jerry,,,0.9
672640509974827008,Leonidas,,chesapeake_bay_retriever,0.9
672622327801233409,,pupper,golden_retriever,1.2
672614745925664768,Norman,pupper,,0.6
672609152938721280,Caryl,,,0.9
672604026190569472,,,toy_poodle,1.1
672594978741354496,Scott,pupper,great_pyrenees,0.9
672591762242805761,Taz,,kuvasz,1.0
672591271085670400,,,,0.8
672538107540070400,Darby,,chihuahua,0.7
672523490734551040,,,golden_retriever,1.0
672488522314567680,Jackie,,doberman,1.0
672482722825261057,,,west_highland_white_terrier,1.0
672481316919734272,Jazz,pupper,border_collie,1.2
672475084225949696,Buddy,,,0.8
672466075045466113,Franq,,cocker_spaniel,1.2
672272411274932228,Pippin,,pug,1.1
672267570918129665,,,irish_terrier,1.0
672264251789176834,Kreg,,chihuahua,1.0
672256522047614977,,,,0.8
672254177670729728,Rolf,pupper,pug,1.1
672248013293752320,,,irish_terrier,1.0
672245253877968896,Snickers,,chihuahua,1.2
672239279297454080,Ridley,,pug,0.7
672231046314901505,,,,0.5
672222792075620352,Cal,,beagle,0.9
672205392827572224,Opal,pupper,pug,0.9
672169685991993344,Bradley,,cocker_spaniel,1.0
672160042234327040,Bubba,pupper,pug,0.8
672139350159835138,,,rottweiler,1.2
672125275208069120,,,golden_retriever,1.1
672095186491711488,Tuco,,pug,0.9
672082170312290304,Patch,,toy_poodle,1.1
672068090318987265,Gizmo,,pug,0.7
671896809300709376,Lola,,chow,1.0
671891728106971137,Mojo,,labrador_retriever,1.1
671882082306625538,Batdog,,,1.1
671879137494245376,Brad,,,0.5
671874878652489728,Mia,,,1.0
671866342182637568,Dylan,,labrador_retriever,1.0
671855973984772097,,,,0.8
671789708968640512,,,dalmatian,1.3
671768281401958400,,,chihuahua,1.0
671763349865160704,Mark,,,0.9
671744970634719232,,,,0.6
671743150407421952,Jacob,,toy_poodle,1.1
671735591348891648,Oscar,,irish_wolfhound,1.1
671729906628341761,,,kuvasz,1.3
671561002136281088,,,gordon_setter,1.3
671547767500775424,Marley,,,1.0
671544874165002241,,,,0.6
671542985629241344,JD,,shetland_sheepdog,1.0
671538301157904385,Baxter,,,0.8
671536543010570240,Reginald,,pug,0.9
671533943490011136,,,,0.6
671528761649688577,Jax,,doberman,1.0
671520732782923777,Alejandro,,pomeranian,1.0
671518598289059840,Scruffers,,lakeland_terrier,0.9
671511350426865664,Hammond,,,0.8
671504605491109889,Charlie,,toy_poodle,1.1
671497587707535361,Pip,,,1.1
671488513339211776,Julius,,,0.8
671486386088865792,Malcolm,,german_shepherd,1.0
671485057807351808,Penelope,,samoyed,1.1
671390180817915904,,,,0.7
671362598324076544,Tanner,,,1.1
671357843010908160,,,italian_greyhound,0.9
671355857343524864,Lou,,miniature_poodle,1.0
671347597085433856,Lola,,,0.9
671186162933985280,Sparky,,chihuahua,1.0
671182547775299584,,,rottweiler,1.2
671166507850801152,Herm,,,1.0
671163268581498880,,,scottish_deerhound,0.8
671159727754231808,Anthony,,,0.5
671154572044468225,Holly,,labrador_retriever,1.1
671151324042559489,,,rottweiler,1.2
671147085991960577,Rufus,,yorkshire_terrier,0.9
671141549288370177,,,borzoi,0.9
671138694582165504,,,samoyed,1.0
671134062904504320,Clarence,,shih-tzu,0.8
671122204919246848,,,chihuahua,0.4
671115716440031232,Phred,,malinois,0.6
671109016219725825,Toby,,basenji,0.8
670995969505435648,,,redbone,1.2
670840546554966016,Colby,,shih-tzu,1.0
670838202509447168,,,,0.4
670833812859932673,Jett,,pekinese,0.7
670832455012716544,Amy,,malinois,1.0
670826280409919488,,,,0.2
670823764196741120,Remington,,labrador_retriever,1.2
670822709593571328,,,chihuahua,1.0
670815497391357952,Sage,,american_staffordshire_terrier,1.0
670811965569282048,Maggie,,basset,1.0
670807719151067136,Andy,,old_english_sheepdog,1.1
670804601705242624,Mason,,pomeranian,1.0
670803562457407488,,,basenji,1.0
670797304698376195,Trigger,,pembroke,1.1
670792680469889025,Antony,,toy_poodle,0.7
670789397210615808,,,beagle,0.9
670786190031921152,Creg,,pembroke,0.8
670783437142401025,,,,0.1
670782429121134593,,,chihuahua,0.5
670780561024270336,Traviss,,labrador_retriever,0.7
670778058496974848,,,pug,1.0
670764103623966721,Vincent,,norfolk_terrier,1.0
670755717859713024,Gin,,keeshond,0.9
670733412878163972,Jerry,,,0.8
670727704916926465,Jeffrie,,,1.0
670717338665226240,,,pomeranian,1.2
670704688707301377,Danny,,norwich_terrier,0.6
670691627984359425,Ester,,shetland_sheepdog,0.8
670679630144274432,Pluto,,ibizan_hound,0.8
670676092097810432,Bloo,,dandie_dinmont,0.8
670668383499735048,Phineas,,,1.0
670474236058800128,,,,1.0
670468609693655041,Edd,,,1.0
670465786746662913,,,,0.7
670452855871037440,,,malamute,1.1
670449342516494336,,,,0.5
670444955656130560,Paull,,english_springer,1.0
670442337873600512,Koda,,sussex_spaniel,1.1
670435821946826752,,,basenji,1.0
670434127938719744,Hank,,chesapeake_bay_retriever,1.1
670433248821026816,Sam,,giant_schnauzer,1.0
670428280563085312,Willy,,chow,1.1
670427002554466305,Spork,,toy_terrier,0.9
670421925039075328,Herb,,chihuahua,1.2
670420569653809152,Damon,,,1.0
670417414769758208,,,,0.6
670411370698022913,Scooter,,maltese_dog,1.2
670408998013820928,Peanut,,,1.0
670403879788544000,Nigel,,pug,1.0
670385711116361728,Larry,,whippet,0.8
670374371102445568,Daisy,,english_springer,1.2
670361874861563904,Cherokee,,,0.9
670338931251150849,Butters,,cairn,1.0
670319130621435904,,,irish_terrier,1.1
670303360680108032,Hemry,,shetland_sheepdog,0.9
670290420111441920,Sandra,,chihuahua,1.1
670093938074779648,Wally,,toy_poodle,0.9
670086499208155136,,,german_short-haired_pointer,1.0
670079681849372674,Fabio,,,1.0
670073503555706880,Winston,,malamute,1.0
670069087419133954,Randall,,,0.5
670061506722140161,Liam,,italian_greyhound,1.1
670055038660800512,Tommy,,,0.3
670046952931721218,Ben,,blenheim_spaniel,1.1
670040295598354432,,,borzoi,1.0
670037189829525505,,,,0.5
670003130994700288,Raphael,,beagle,1.0
669993076832759809,Zoey,,toy_poodle,0.9
669972011175813120,,,,1.0
669970042633789440,Julio,,miniature_pinscher,1.0
669942763794931712,Andru,,vizsla,1.1
669926384437997569,,,pomeranian,1.2
669923323644657664,Alphred,,,1.0
669753178989142016,Chester,,pembroke,1.0
669749430875258880,Clarence,,,0.8
669683899023405056,Kloey,,pomeranian,1.0
669682095984410625,Louie,,,0.9
669680153564442624,Shawwn,,dalmatian,0.8
669661792646373376,,,,0.5
669625907762618368,Penny,,golden_retriever,1.2
669603084620980224,,,maltese_dog,1.0
669597912108789760,Skye,,eskimo_dog,1.0
669583744538451968,,,,0.6
669573570759163904,Linda,,west_highland_white_terrier,1.0
669571471778410496,Keith,,,0.7
669567591774625800,Kollin,,chihuahua,0.9
669564461267722241,Alfredo,,toy_poodle,1.0
669393256313184256,Ronduh,,cocker_spaniel,1.0
669375718304980992,Billl,,airedale,0.6
669371483794317312,Oliviér,,brabancon_griffon,1.0
669367896104181761,Chip,,basset,1.0
669363888236994561,Zeus,,golden_retriever,1.0
669359674819481600,Saydee,,labrador_retriever,1.1
669354382627049472,Dug,,chihuahua,0.8
669353438988365824,Tessa,,pembroke,1.0
669351434509529089,Sully,,,1.0
669328503091937280,Kirk,,siberian_husky,1.2
669327207240699904,,,golden_retriever,1.3
669324657376567296,Ralf,,cardigan,1.1
669216679721873412,Clarq,,golden_retriever,0.8
669214165781868544,Jaspers,,,1.0
669203728096960512,Samsom,,pug,0.9
669037058363662336,Pancho,,chihuahua,1.0
669015743032369152,,,,1.0
669006782128353280,Tucker,,chihuahua,1.2
669000397445533696,Terrance,,pembroke,1.1
668994913074286592,,,english_springer,0.5
668992363537309700,Harrison,,,0.8
668989615043424256,Bernie,,pug,0.3
668988183816871936,,,,0.7
668986018524233728,Ruby,,chihuahua,0.9
668981893510119424,,,,0.4
668979806671884288,Chaz,,golden_retriever,1.2
668975677807423489,Jeremy,,basset,1.1
668960084974809088,Jaycob,,chesapeake_bay_retriever,1.0
668955713004314625,Leroi,,cocker_spaniel,1.0
668932921458302977,Herald,,standard_poodle,0.9
668902994700836864,Lambeau,,brittany_spaniel,1.1
668892474547511297,Ruffles,,kelpie,1.1
668872652652679168,Amélie,,miniature_schnauzer,1.1
668852170888998912,Bobb,,golden_retriever,1.1
668826086256599040,Banditt,,malinois,1.0
668815180734689280,,,redbone,0.7
668779399630725120,Kevon,,chesapeake_bay_retriever,1.0
668655139528511488,Winifred,,beagle,1.1
668645506898350081,,,,1.1
668643542311546881,,,,0.3
668641109086707712,Hanz,,pug,1.0
668636665813057536,Berta,,komondor,1.0
668633411083464705,Churlie,,pekinese,1.0
668631377374486528,Zeek,,miniature_schnauzer,0.5
668627278264475648,Timofy,,french_bulldog,0.9
668625577880875008,Maks,,groenendael,1.0
668623201287675904,Jomathan,,chihuahua,1.0
668620235289837568,Kallie,,,1.0
668614819948453888,,,,0.7
668567822092664832,Marvin,,shih-tzu,1.1
668544745690562560,,,,1.0
668542336805281792,,,american_staffordshire_terrier,1.0
668537837512433665,Spark,,lakeland_terrier,0.8
668528771708952576,Gòrdón,,labrador_retriever,1.2
668507509523615744,Chuk,,basenji,1.0
668496999348633600,Jo,,staffordshire_bullterrier,0.8
668484198282485761,,,standard_poodle,0.9
668480044826800133,DayZ,,labrador_retriever,1.1
668466899341221888,,,,0.4
668297328638447616,,,eskimo_dog,0.9
668291999406125056,,,,1.0
668286279830867968,Rusty,,golden_retriever,1.1
668274247790391296,Sophie,,soft-coated_wheaten_terrier,1.0
668268907921326080,Guss,,pembroke,1.0
668256321989451776,Jareld,,pembroke,1.3
668248472370458624,Bisquick,,chihuahua,0.8
668237644992782336,Torque,,chow,1.0
668226093875376128,,,,1.0
668221241640230912,,,chow,1.0
668204964695683073,Ron,,labrador_retriever,0.8
668190681446379520,Skittles,,blenheim_spaniel,1.2
668171859951755264,Alfonso,,chihuahua,0.7
668154635664932864,,,,0.9
668142349051129856,,,,0.2
668113020489474048,Alfie,,pembroke,0.6
667937095915278337,,,,0.3
667924896115245057,Jiminy,,labrador_retriever,0.9
667915453470232577,Otis,,boxer,1.0
667911425562669056,,,,0.5
667902449697558528,Cleopatricia,,norwegian_elkhound,0.9
667886921285246976,Erik,,pomeranian,1.1
667885044254572545,Stu,,malamute,1.0
667878741721415682,Tedrick,,miniature_pinscher,0.2
667873844930215936,,,,1.0
667866724293877760,Shaggy,,,1.0
667861340749471744,Cheryl,,malamute,0.9
667832474953625600,,,miniature_pinscher,1.2
667806454573760512,Filup,,chihuahua,1.0
667801013445750784,,,flat-coated_retriever,1.2
667793409583771648,,,dalmatian,0.8
667782464991965184,,,,0.9
667773195014021121,Jessiga,,west_highland_white_terrier,0.8
667766675769573376,Calvin,,,0.9
667728196545200128,Olive,,kuvasz,1.1
667724302356258817,,,,0.7
667549055577362432,,,,0.1
667546741521195010,,,toy_poodle,0.9
667544320556335104,Kial,,pomeranian,1.0
667538891197542400,Klint,,yorkshire_terrier,0.9
667534815156183040,Frank,,pembroke,0.8
667530908589760512,Naphaniel,,golden_retriever,1.0
667524857454854144,,,chesapeake_bay_retriever,1.2
667517642048163840,Dook,,italian_greyhound,0.8
667509364010450944,Tickles,,beagle,1.2
667502640335572993,Hall,,labrador_retriever,1.1
667495797102141441,Philippe,,chihuahua,0.9
667491009379606528,,,borzoi,0.7
667470559035432960,Kohl,,toy_poodle,1.1
667455448082227200,Reese,,tibetan_terrier,0.7
667453023279554560,Cupcake,,labrador_retriever,1.1
667443425659232256,,,,0.6
667437278097252352,,,,1.0
667435689202614272,,,rottweiler,1.2
667405339315146752,Biden,,saint_bernard,0.7
667393430834667520,Fwed,,papillon,0.8
667369227918143488,,,,1.0
667211855547486208,Genevieve,,golden_retriever,0.9
667200525029539841,Joshwa,,siberian_husky,1.1
667192066997374976,,,rottweiler,1.2
667188689915760640,,,,1.0
667182792070062081,Timison,,golden_retriever,1.0
667177989038297088,,,vizsla,0.8
667176164155375616,,,soft-coated_wheaten_terrier,0.4
667174963120574464,Clarence,,toy_poodle,0.9
667171260800061440,Kenneth,,giant_schnauzer,1.0
667165590075940865,Churlie,,miniature_pinscher,1.0
667160273090932737,Bradlay,,golden_retriever,1.1
667152164079423490,Pipsy,,toy_poodle,1.2
667138269671505920,,,west_highland_white_terrier,1.0
667119796878725120,Gabe,,pembroke,1.0
667090893657276420,Clybe,,chihuahua,0.7
667073648344346624,,,chihuahua,1.0
667065535570550784,,,,0.8
667062181243039745,Keet,,chesapeake_bay_retriever,1.0
667044094246576128,,,golden_retriever,1.2
667012601033924608,Klevin,,,0.9
666996132027977728,Carll,,rottweiler,1.0
666983947667116034,Pepe,,,1.1
666837028449972224,,,,0.3
666835007768551424,,,airedale,1.0
666826780179869698,,,maltese_dog,1.2
666817836334096384,Jeph,,miniature_schnauzer,0.9
666804364988780544,Jockson,,english_setter,0.8
666786068205871104,,,,0.2
666781792255496192,Octaviath,,italian_greyhound,1.0
666776908487630848,Josep,,miniature_pinscher,0.5
666739327293083650,Lugan,,miniature_poodle,1.0
666701168228331520,Johm,,labrador_retriever,0.8
666691418707132416,Christoper,,german_shepherd,0.8
666649482315059201,,,border_collie,0.4
666644823164719104,Jimothy,,ibizan_hound,0.9
666454714377183233,Kreggory,,dalmatian,1.0
666447344410484738,Scout,,curly-coated_retriever,0.9
666437273139982337,,,chihuahua,0.7
666435652385423360,,,chesapeake_bay_retriever,1.0
666430724426358785,,,irish_terrier,0.6
666428276349472768,,,pembroke,0.7
666421158376562688,,,blenheim_spaniel,1.2
666418789513326592,Walter,,toy_terrier,1.0
666411507551481857,,,,0.2
666407126856765440,,,black-and-tan_coonhound,0.7
666396247373291520,,,chihuahua,0.9
666373753744588802,,,soft-coated_wheaten_terrier,1.1
666362758909284353,,,,0.6
666353288456101888,,,malamute,0.8
666345417576210432,,,golden_retriever,1.0
666337882303524864,,,newfoundland,0.9
666293911632134144,,,,0.3
666287406224695296,,,maltese_dog,0.9
666273097616637952,,,italian_greyhound,1.1
666268910803644416,,,,1.0
666102155909144576,,,english_setter,1.1
666099513787052032,,,lhasa,0.8
666094000022159362,,,bloodhound,0.9
666082916733198337,,,pug,0.6
666073100786774016,,,walker_hound,1.0
666071193221509120,,,gordon_setter,0.9
666063827256086533,,,golden_retriever,1.0
666058600524156928,,,miniature_poodle,0.8
666057090499244032,,,golden_retriever,0.9
666055525042405380,,,chow,1.0
666051853826850816,,,,0.2
666050758794694657,,,bernese_mountain_dog,1.0
666049248165822465,,,miniature_pinscher,0.5
666044226329800704,,,rhodesian_ridgeback,0.6
666033412701032449,,,german_shepherd,0.9
666029285002620928,,,redbone,0.7
666020888022790149,,,welsh_springer_spaniel,0.8
